entityId,time_utc,availableBikeNumber
24367,2026-02-08 11:00:00+00:00,8.4
24367,2026-02-08 12:00:00+00:00,8.0
24367,2026-02-08 13:00:00+00:00,8.0
24367,2026-02-08 14:00:00+00:00,8.0
24367,2026-02-08 15:00:00+00:00,8.0
24367,2026-02-08 16:00:00+00:00,8.0
24367,2026-02-08 17:00:00+00:00,8.0
24367,2026-02-08 18:00:00+00:00,8.0
24367,2026-02-08 19:00:00+00:00,8.0
24367,2026-02-08 20:00:00+00:00,8.0
24367,2026-02-08 21:00:00+00:00,8.0
24367,2026-02-08 22:00:00+00:00,8.0
24367,2026-02-08 23:00:00+00:00,8.0
24367,2026-02-09 00:00:00+00:00,8.0
24367,2026-02-09 01:00:00+00:00,8.0
24367,2026-02-09 02:00:00+00:00,8.0
24367,2026-02-09 03:00:00+00:00,8.0
24367,2026-02-09 04:00:00+00:00,8.0
24367,2026-02-09 05:00:00+00:00,8.0
24367,2026-02-09 06:00:00+00:00,8.0
24367,2026-02-09 07:00:00+00:00,8.0
24367,2026-02-09 08:00:00+00:00,8.0
24367,2026-02-09 09:00:00+00:00,8.0
24367,2026-02-09 10:00:00+00:00,8.0
24368,2026-02-08 11:00:00+00:00,12.216666666666667
24368,2026-02-08 12:00:00+00:00,12.0
24368,2026-02-08 13:00:00+00:00,12.0
24368,2026-02-08 14:00:00+00:00,11.833333333333334
24368,2026-02-08 15:00:00+00:00,9.433333333333334
24368,2026-02-08 16:00:00+00:00,9.066666666666666
24368,2026-02-08 17:00:00+00:00,8.2
24368,2026-02-08 18:00:00+00:00,8.0
24368,2026-02-08 19:00:00+00:00,8.716666666666667
24368,2026-02-08 20:00:00+00:00,8.016666666666667
24368,2026-02-08 21:00:00+00:00,8.0
24368,2026-02-08 22:00:00+00:00,6.966666666666667
24368,2026-02-08 23:00:00+00:00,6.0
24368,2026-02-09 00:00:00+00:00,6.0
24368,2026-02-09 01:00:00+00:00,6.0
24368,2026-02-09 02:00:00+00:00,6.0
24368,2026-02-09 03:00:00+00:00,6.0
24368,2026-02-09 04:00:00+00:00,6.0
24368,2026-02-09 05:00:00+00:00,5.316666666666666
24368,2026-02-09 06:00:00+00:00,7.0
24368,2026-02-09 07:00:00+00:00,7.766666666666667
24368,2026-02-09 08:00:00+00:00,8.716666666666667
24368,2026-02-09 09:00:00+00:00,8.0
24368,2026-02-09 10:00:00+00:00,8.0
24369,2026-02-08 11:00:00+00:00,2.0
24369,2026-02-08 12:00:00+00:00,1.95
24369,2026-02-08 13:00:00+00:00,1.0
24369,2026-02-08 14:00:00+00:00,1.0
24369,2026-02-08 15:00:00+00:00,1.0
24369,2026-02-08 16:00:00+00:00,1.0
24369,2026-02-08 17:00:00+00:00,1.0
24369,2026-02-08 18:00:00+00:00,1.0
24369,2026-02-08 19:00:00+00:00,0.0
24369,2026-02-08 20:00:00+00:00,0.0
24369,2026-02-08 21:00:00+00:00,0.0
24369,2026-02-08 22:00:00+00:00,0.0
24369,2026-02-08 23:00:00+00:00,0.0
24369,2026-02-09 00:00:00+00:00,0.0
24369,2026-02-09 01:00:00+00:00,0.0
24369,2026-02-09 02:00:00+00:00,0.0
24369,2026-02-09 03:00:00+00:00,0.0
24369,2026-02-09 04:00:00+00:00,0.15
24369,2026-02-09 05:00:00+00:00,1.0
24369,2026-02-09 06:00:00+00:00,2.3833333333333333
24369,2026-02-09 07:00:00+00:00,4.616666666666667
24369,2026-02-09 08:00:00+00:00,7.033333333333333
24369,2026-02-09 09:00:00+00:00,9.0
24369,2026-02-09 10:00:00+00:00,9.0
24370,2026-02-08 11:00:00+00:00,16.0
24370,2026-02-08 12:00:00+00:00,16.0
24370,2026-02-08 13:00:00+00:00,16.0
24370,2026-02-08 14:00:00+00:00,15.566666666666666
24370,2026-02-08 15:00:00+00:00,15.0
24370,2026-02-08 16:00:00+00:00,14.083333333333334
24370,2026-02-08 17:00:00+00:00,14.416666666666666
24370,2026-02-08 18:00:00+00:00,14.0
24370,2026-02-08 19:00:00+00:00,14.516666666666667
24370,2026-02-08 20:00:00+00:00,14.95
24370,2026-02-08 21:00:00+00:00,14.366666666666667
24370,2026-02-08 22:00:00+00:00,14.0
24370,2026-02-08 23:00:00+00:00,14.0
24370,2026-02-09 00:00:00+00:00,14.0
24370,2026-02-09 01:00:00+00:00,14.0
24370,2026-02-09 02:00:00+00:00,14.0
24370,2026-02-09 03:00:00+00:00,14.0
24370,2026-02-09 04:00:00+00:00,13.8
24370,2026-02-09 05:00:00+00:00,12.033333333333333
24370,2026-02-09 06:00:00+00:00,12.116666666666667
24370,2026-02-09 07:00:00+00:00,12.166666666666666
24370,2026-02-09 08:00:00+00:00,12.966666666666667
24370,2026-02-09 09:00:00+00:00,14.516666666666667
24370,2026-02-09 10:00:00+00:00,14.733333333333333
24371,2026-02-08 11:00:00+00:00,5.366666666666667
24371,2026-02-08 12:00:00+00:00,7.0
24371,2026-02-08 13:00:00+00:00,6.983333333333333
24371,2026-02-08 14:00:00+00:00,6.266666666666667
24371,2026-02-08 15:00:00+00:00,6.983333333333333
24371,2026-02-08 16:00:00+00:00,7.716666666666667
24371,2026-02-08 17:00:00+00:00,7.833333333333333
24371,2026-02-08 18:00:00+00:00,7.816666666666666
24371,2026-02-08 19:00:00+00:00,8.05
24371,2026-02-08 20:00:00+00:00,9.0
24371,2026-02-08 21:00:00+00:00,9.0
24371,2026-02-08 22:00:00+00:00,9.0
24371,2026-02-08 23:00:00+00:00,9.0
24371,2026-02-09 00:00:00+00:00,9.0
24371,2026-02-09 01:00:00+00:00,9.0
24371,2026-02-09 02:00:00+00:00,9.0
24371,2026-02-09 03:00:00+00:00,9.0
24371,2026-02-09 04:00:00+00:00,9.0
24371,2026-02-09 05:00:00+00:00,11.183333333333334
24371,2026-02-09 06:00:00+00:00,14.55
24371,2026-02-09 07:00:00+00:00,17.933333333333334
24371,2026-02-09 08:00:00+00:00,19.0
24371,2026-02-09 09:00:00+00:00,18.883333333333333
24371,2026-02-09 10:00:00+00:00,17.85
24372,2026-02-08 11:00:00+00:00,9.0
24372,2026-02-08 12:00:00+00:00,9.0
24372,2026-02-08 13:00:00+00:00,8.95
24372,2026-02-08 14:00:00+00:00,9.0
24372,2026-02-08 15:00:00+00:00,9.0
24372,2026-02-08 16:00:00+00:00,9.833333333333334
24372,2026-02-08 17:00:00+00:00,10.0
24372,2026-02-08 18:00:00+00:00,10.0
24372,2026-02-08 19:00:00+00:00,10.016666666666667
24372,2026-02-08 20:00:00+00:00,10.0
24372,2026-02-08 21:00:00+00:00,10.0
24372,2026-02-08 22:00:00+00:00,10.0
24372,2026-02-08 23:00:00+00:00,10.0
24372,2026-02-09 00:00:00+00:00,10.0
24372,2026-02-09 01:00:00+00:00,10.0
24372,2026-02-09 02:00:00+00:00,10.0
24372,2026-02-09 03:00:00+00:00,10.0
24372,2026-02-09 04:00:00+00:00,10.0
24372,2026-02-09 05:00:00+00:00,10.0
24372,2026-02-09 06:00:00+00:00,9.183333333333334
24372,2026-02-09 07:00:00+00:00,7.283333333333333
24372,2026-02-09 08:00:00+00:00,7.5
24372,2026-02-09 09:00:00+00:00,7.0
24372,2026-02-09 10:00:00+00:00,7.0
24373,2026-02-08 11:00:00+00:00,7.0
24373,2026-02-08 12:00:00+00:00,6.0
24373,2026-02-08 13:00:00+00:00,6.0
24373,2026-02-08 14:00:00+00:00,4.866666666666667
24373,2026-02-08 15:00:00+00:00,4.0
24373,2026-02-08 16:00:00+00:00,3.1666666666666665
24373,2026-02-08 17:00:00+00:00,1.55
24373,2026-02-08 18:00:00+00:00,1.0
24373,2026-02-08 19:00:00+00:00,1.0
24373,2026-02-08 20:00:00+00:00,1.0
24373,2026-02-08 21:00:00+00:00,1.0
24373,2026-02-08 22:00:00+00:00,1.0
24373,2026-02-08 23:00:00+00:00,1.0
24373,2026-02-09 00:00:00+00:00,1.0
24373,2026-02-09 01:00:00+00:00,1.0
24373,2026-02-09 02:00:00+00:00,1.0
24373,2026-02-09 03:00:00+00:00,1.0
24373,2026-02-09 04:00:00+00:00,1.0
24373,2026-02-09 05:00:00+00:00,1.0
24373,2026-02-09 06:00:00+00:00,1.4666666666666668
24373,2026-02-09 07:00:00+00:00,3.216666666666667
24373,2026-02-09 08:00:00+00:00,5.75
24373,2026-02-09 09:00:00+00:00,5.233333333333333
24373,2026-02-09 10:00:00+00:00,2.816666666666667
24374,2026-02-08 11:00:00+00:00,10.483333333333333
24374,2026-02-08 12:00:00+00:00,10.583333333333334
24374,2026-02-08 13:00:00+00:00,11.3
24374,2026-02-08 14:00:00+00:00,12.0
24374,2026-02-08 15:00:00+00:00,12.0
24374,2026-02-08 16:00:00+00:00,12.0
24374,2026-02-08 17:00:00+00:00,12.0
24374,2026-02-08 18:00:00+00:00,12.0
24374,2026-02-08 19:00:00+00:00,10.4
24374,2026-02-08 20:00:00+00:00,10.0
24374,2026-02-08 21:00:00+00:00,10.0
24374,2026-02-08 22:00:00+00:00,9.483333333333333
24374,2026-02-08 23:00:00+00:00,8.916666666666666
24374,2026-02-09 00:00:00+00:00,8.0
24374,2026-02-09 01:00:00+00:00,8.0
24374,2026-02-09 02:00:00+00:00,8.0
24374,2026-02-09 03:00:00+00:00,8.483333333333333
24374,2026-02-09 04:00:00+00:00,9.0
24374,2026-02-09 05:00:00+00:00,9.0
24374,2026-02-09 06:00:00+00:00,9.0
24374,2026-02-09 07:00:00+00:00,9.0
24374,2026-02-09 08:00:00+00:00,9.016666666666667
24374,2026-02-09 09:00:00+00:00,10.0
24374,2026-02-09 10:00:00+00:00,10.916666666666666
24375,2026-02-08 11:00:00+00:00,7.1
24375,2026-02-08 12:00:00+00:00,7.016666666666667
24375,2026-02-08 13:00:00+00:00,7.5
24375,2026-02-08 14:00:00+00:00,6.9
24375,2026-02-08 15:00:00+00:00,5.266666666666667
24375,2026-02-08 16:00:00+00:00,3.5166666666666666
24375,2026-02-08 17:00:00+00:00,2.8666666666666667
24375,2026-02-08 18:00:00+00:00,2.7666666666666666
24375,2026-02-08 19:00:00+00:00,3.0
24375,2026-02-08 20:00:00+00:00,3.0166666666666666
24375,2026-02-08 21:00:00+00:00,3.5
24375,2026-02-08 22:00:00+00:00,3.0
24375,2026-02-08 23:00:00+00:00,3.0
24375,2026-02-09 00:00:00+00:00,3.0
24375,2026-02-09 01:00:00+00:00,3.0
24375,2026-02-09 02:00:00+00:00,3.25
24375,2026-02-09 03:00:00+00:00,4.0
24375,2026-02-09 04:00:00+00:00,3.8833333333333333
24375,2026-02-09 05:00:00+00:00,3.0
24375,2026-02-09 06:00:00+00:00,1.7166666666666668
24375,2026-02-09 07:00:00+00:00,1.0
24375,2026-02-09 08:00:00+00:00,1.0
24375,2026-02-09 09:00:00+00:00,1.0
24375,2026-02-09 10:00:00+00:00,1.0
24376,2026-02-08 11:00:00+00:00,1.3666666666666667
24376,2026-02-08 12:00:00+00:00,0.9833333333333333
24376,2026-02-08 13:00:00+00:00,0.8833333333333333
24376,2026-02-08 14:00:00+00:00,0.43333333333333335
24376,2026-02-08 15:00:00+00:00,0.21666666666666667
24376,2026-02-08 16:00:00+00:00,1.85
24376,2026-02-08 17:00:00+00:00,4.766666666666667
24376,2026-02-08 18:00:00+00:00,6.45
24376,2026-02-08 19:00:00+00:00,6.583333333333333
24376,2026-02-08 20:00:00+00:00,7.6
24376,2026-02-08 21:00:00+00:00,10.366666666666667
24376,2026-02-08 22:00:00+00:00,10.083333333333334
24376,2026-02-08 23:00:00+00:00,10.0
24376,2026-02-09 00:00:00+00:00,10.0
24376,2026-02-09 01:00:00+00:00,10.0
24376,2026-02-09 02:00:00+00:00,9.483333333333333
24376,2026-02-09 03:00:00+00:00,9.383333333333333
24376,2026-02-09 04:00:00+00:00,10.0
24376,2026-02-09 05:00:00+00:00,10.616666666666667
24376,2026-02-09 06:00:00+00:00,8.783333333333333
24376,2026-02-09 07:00:00+00:00,4.516666666666667
24376,2026-02-09 08:00:00+00:00,1.6
24376,2026-02-09 09:00:00+00:00,0.85
24376,2026-02-09 10:00:00+00:00,0.0
24377,2026-02-08 11:00:00+00:00,3.5166666666666666
24377,2026-02-08 12:00:00+00:00,4.0
24377,2026-02-08 13:00:00+00:00,4.0
24377,2026-02-08 14:00:00+00:00,4.0
24377,2026-02-08 15:00:00+00:00,4.0
24377,2026-02-08 16:00:00+00:00,4.1
24377,2026-02-08 17:00:00+00:00,5.0
24377,2026-02-08 18:00:00+00:00,5.0
24377,2026-02-08 19:00:00+00:00,4.333333333333333
24377,2026-02-08 20:00:00+00:00,4.266666666666667
24377,2026-02-08 21:00:00+00:00,4.016666666666667
24377,2026-02-08 22:00:00+00:00,3.283333333333333
24377,2026-02-08 23:00:00+00:00,3.0
24377,2026-02-09 00:00:00+00:00,3.0
24377,2026-02-09 01:00:00+00:00,3.0
24377,2026-02-09 02:00:00+00:00,3.0
24377,2026-02-09 03:00:00+00:00,3.0
24377,2026-02-09 04:00:00+00:00,3.0
24377,2026-02-09 05:00:00+00:00,3.0
24377,2026-02-09 06:00:00+00:00,3.0
24377,2026-02-09 07:00:00+00:00,3.0
24377,2026-02-09 08:00:00+00:00,3.0
24377,2026-02-09 09:00:00+00:00,3.0
24377,2026-02-09 10:00:00+00:00,3.0
24378,2026-02-08 11:00:00+00:00,1.5833333333333333
24378,2026-02-08 12:00:00+00:00,1.7666666666666666
24378,2026-02-08 13:00:00+00:00,1.6666666666666667
24378,2026-02-08 14:00:00+00:00,4.366666666666667
24378,2026-02-08 15:00:00+00:00,5.433333333333334
24378,2026-02-08 16:00:00+00:00,4.85
24378,2026-02-08 17:00:00+00:00,3.6333333333333333
24378,2026-02-08 18:00:00+00:00,3.0
24378,2026-02-08 19:00:00+00:00,3.5166666666666666
24378,2026-02-08 20:00:00+00:00,1.2333333333333334
24378,2026-02-08 21:00:00+00:00,1.0
24378,2026-02-08 22:00:00+00:00,1.0
24378,2026-02-08 23:00:00+00:00,1.0
24378,2026-02-09 00:00:00+00:00,1.0
24378,2026-02-09 01:00:00+00:00,1.0
24378,2026-02-09 02:00:00+00:00,1.4
24378,2026-02-09 03:00:00+00:00,1.5833333333333333
24378,2026-02-09 04:00:00+00:00,0.2
24378,2026-02-09 05:00:00+00:00,0.11666666666666667
24378,2026-02-09 06:00:00+00:00,2.3333333333333335
24378,2026-02-09 07:00:00+00:00,1.2666666666666666
24378,2026-02-09 08:00:00+00:00,0.0
24378,2026-02-09 09:00:00+00:00,0.5
24378,2026-02-09 10:00:00+00:00,0.18333333333333332
24379,2026-02-08 11:00:00+00:00,0.5666666666666667
24379,2026-02-08 12:00:00+00:00,0.0
24379,2026-02-08 13:00:00+00:00,0.0
24379,2026-02-08 14:00:00+00:00,0.31666666666666665
24379,2026-02-08 15:00:00+00:00,1.0
24379,2026-02-08 16:00:00+00:00,1.0
24379,2026-02-08 17:00:00+00:00,0.21666666666666667
24379,2026-02-08 18:00:00+00:00,0.0
24379,2026-02-08 19:00:00+00:00,0.0
24379,2026-02-08 20:00:00+00:00,0.0
24379,2026-02-08 21:00:00+00:00,0.0
24379,2026-02-08 22:00:00+00:00,0.9
24379,2026-02-08 23:00:00+00:00,0.7166666666666667
24379,2026-02-09 00:00:00+00:00,0.0
24379,2026-02-09 01:00:00+00:00,0.0
24379,2026-02-09 02:00:00+00:00,0.0
24379,2026-02-09 03:00:00+00:00,0.0
24379,2026-02-09 04:00:00+00:00,0.0
24379,2026-02-09 05:00:00+00:00,0.0
24379,2026-02-09 06:00:00+00:00,0.0
24379,2026-02-09 07:00:00+00:00,1.3666666666666667
24379,2026-02-09 08:00:00+00:00,1.6666666666666667
24379,2026-02-09 09:00:00+00:00,2.0
24379,2026-02-09 10:00:00+00:00,2.0
24380,2026-02-08 11:00:00+00:00,0.03333333333333333
24380,2026-02-08 12:00:00+00:00,0.7833333333333333
24380,2026-02-08 13:00:00+00:00,2.4833333333333334
24380,2026-02-08 14:00:00+00:00,3.0
24380,2026-02-08 15:00:00+00:00,2.433333333333333
24380,2026-02-08 16:00:00+00:00,2.0
24380,2026-02-08 17:00:00+00:00,2.0
24380,2026-02-08 18:00:00+00:00,1.7666666666666666
24380,2026-02-08 19:00:00+00:00,2.0166666666666666
24380,2026-02-08 20:00:00+00:00,3.0
24380,2026-02-08 21:00:00+00:00,3.0
24380,2026-02-08 22:00:00+00:00,3.0
24380,2026-02-08 23:00:00+00:00,2.15
24380,2026-02-09 00:00:00+00:00,2.0
24380,2026-02-09 01:00:00+00:00,2.0
24380,2026-02-09 02:00:00+00:00,2.0
24380,2026-02-09 03:00:00+00:00,2.0
24380,2026-02-09 04:00:00+00:00,2.0
24380,2026-02-09 05:00:00+00:00,2.0
24380,2026-02-09 06:00:00+00:00,1.55
24380,2026-02-09 07:00:00+00:00,0.3
24380,2026-02-09 08:00:00+00:00,0.0
24380,2026-02-09 09:00:00+00:00,0.0
24380,2026-02-09 10:00:00+00:00,0.26666666666666666
24381,2026-02-08 11:00:00+00:00,0.08333333333333333
24381,2026-02-08 12:00:00+00:00,0.95
24381,2026-02-08 13:00:00+00:00,1.3833333333333333
24381,2026-02-08 14:00:00+00:00,1.9
24381,2026-02-08 15:00:00+00:00,0.25
24381,2026-02-08 16:00:00+00:00,0.9833333333333333
24381,2026-02-08 17:00:00+00:00,0.5
24381,2026-02-08 18:00:00+00:00,3.7
24381,2026-02-08 19:00:00+00:00,5.766666666666667
24381,2026-02-08 20:00:00+00:00,7.433333333333334
24381,2026-02-08 21:00:00+00:00,7.933333333333334
24381,2026-02-08 22:00:00+00:00,7.0
24381,2026-02-08 23:00:00+00:00,7.0
24381,2026-02-09 00:00:00+00:00,7.0
24381,2026-02-09 01:00:00+00:00,7.0
24381,2026-02-09 02:00:00+00:00,7.0
24381,2026-02-09 03:00:00+00:00,7.0
24381,2026-02-09 04:00:00+00:00,6.2
24381,2026-02-09 05:00:00+00:00,4.933333333333334
24381,2026-02-09 06:00:00+00:00,3.9833333333333334
24381,2026-02-09 07:00:00+00:00,0.5166666666666667
24381,2026-02-09 08:00:00+00:00,0.0
24381,2026-02-09 09:00:00+00:00,0.0
24381,2026-02-09 10:00:00+00:00,0.0
24383,2026-02-08 11:00:00+00:00,14.766666666666667
24383,2026-02-08 12:00:00+00:00,14.95
24383,2026-02-08 13:00:00+00:00,14.75
24383,2026-02-08 14:00:00+00:00,13.85
24383,2026-02-08 15:00:00+00:00,11.233333333333333
24383,2026-02-08 16:00:00+00:00,10.25
24383,2026-02-08 17:00:00+00:00,10.0
24383,2026-02-08 18:00:00+00:00,10.2
24383,2026-02-08 19:00:00+00:00,10.866666666666667
24383,2026-02-08 20:00:00+00:00,7.666666666666667
24383,2026-02-08 21:00:00+00:00,7.0
24383,2026-02-08 22:00:00+00:00,7.0
24383,2026-02-08 23:00:00+00:00,7.0
24383,2026-02-09 00:00:00+00:00,7.0
24383,2026-02-09 01:00:00+00:00,7.0
24383,2026-02-09 02:00:00+00:00,7.0
24383,2026-02-09 03:00:00+00:00,7.0
24383,2026-02-09 04:00:00+00:00,7.816666666666666
24383,2026-02-09 05:00:00+00:00,8.0
24383,2026-02-09 06:00:00+00:00,8.0
24383,2026-02-09 07:00:00+00:00,8.133333333333333
24383,2026-02-09 08:00:00+00:00,10.966666666666667
24383,2026-02-09 09:00:00+00:00,13.0
24383,2026-02-09 10:00:00+00:00,14.516666666666667
24384,2026-02-08 11:00:00+00:00,16.0
24384,2026-02-08 12:00:00+00:00,15.5
24384,2026-02-08 13:00:00+00:00,15.0
24384,2026-02-08 14:00:00+00:00,15.1
24384,2026-02-08 15:00:00+00:00,15.933333333333334
24384,2026-02-08 16:00:00+00:00,17.0
24384,2026-02-08 17:00:00+00:00,16.983333333333334
24384,2026-02-08 18:00:00+00:00,15.516666666666667
24384,2026-02-08 19:00:00+00:00,14.0
24384,2026-02-08 20:00:00+00:00,14.0
24384,2026-02-08 21:00:00+00:00,14.0
24384,2026-02-08 22:00:00+00:00,14.0
24384,2026-02-08 23:00:00+00:00,14.0
24384,2026-02-09 00:00:00+00:00,14.0
24384,2026-02-09 01:00:00+00:00,14.0
24384,2026-02-09 02:00:00+00:00,14.0
24384,2026-02-09 03:00:00+00:00,14.0
24384,2026-02-09 04:00:00+00:00,14.0
24384,2026-02-09 05:00:00+00:00,14.0
24384,2026-02-09 06:00:00+00:00,14.0
24384,2026-02-09 07:00:00+00:00,14.0
24384,2026-02-09 08:00:00+00:00,15.083333333333334
24384,2026-02-09 09:00:00+00:00,17.916666666666668
24384,2026-02-09 10:00:00+00:00,21.333333333333332
24385,2026-02-08 11:00:00+00:00,3.85
24385,2026-02-08 12:00:00+00:00,2.433333333333333
24385,2026-02-08 13:00:00+00:00,2.4166666666666665
24385,2026-02-08 14:00:00+00:00,4.25
24385,2026-02-08 15:00:00+00:00,4.716666666666667
24385,2026-02-08 16:00:00+00:00,2.0
24385,2026-02-08 17:00:00+00:00,2.066666666666667
24385,2026-02-08 18:00:00+00:00,0.5666666666666667
24385,2026-02-08 19:00:00+00:00,0.0
24385,2026-02-08 20:00:00+00:00,0.85
24385,2026-02-08 21:00:00+00:00,0.48333333333333334
24385,2026-02-08 22:00:00+00:00,0.0
24385,2026-02-08 23:00:00+00:00,1.4333333333333333
24385,2026-02-09 00:00:00+00:00,2.0
24385,2026-02-09 01:00:00+00:00,2.0
24385,2026-02-09 02:00:00+00:00,2.0
24385,2026-02-09 03:00:00+00:00,2.0
24385,2026-02-09 04:00:00+00:00,2.0
24385,2026-02-09 05:00:00+00:00,2.0
24385,2026-02-09 06:00:00+00:00,1.7333333333333334
24385,2026-02-09 07:00:00+00:00,0.0
24385,2026-02-09 08:00:00+00:00,0.18333333333333332
24385,2026-02-09 09:00:00+00:00,1.3
24385,2026-02-09 10:00:00+00:00,1.9166666666666667
24386,2026-02-08 11:00:00+00:00,3.0
24386,2026-02-08 12:00:00+00:00,3.0
24386,2026-02-08 13:00:00+00:00,3.0
24386,2026-02-08 14:00:00+00:00,1.2333333333333334
24386,2026-02-08 15:00:00+00:00,1.0
24386,2026-02-08 16:00:00+00:00,1.5833333333333333
24386,2026-02-08 17:00:00+00:00,2.066666666666667
24386,2026-02-08 18:00:00+00:00,1.0
24386,2026-02-08 19:00:00+00:00,1.0
24386,2026-02-08 20:00:00+00:00,1.0
24386,2026-02-08 21:00:00+00:00,1.0
24386,2026-02-08 22:00:00+00:00,1.0
24386,2026-02-08 23:00:00+00:00,1.0
24386,2026-02-09 00:00:00+00:00,1.0
24386,2026-02-09 01:00:00+00:00,1.0
24386,2026-02-09 02:00:00+00:00,1.0
24386,2026-02-09 03:00:00+00:00,1.0
24386,2026-02-09 04:00:00+00:00,1.0
24386,2026-02-09 05:00:00+00:00,1.0
24386,2026-02-09 06:00:00+00:00,1.0
24386,2026-02-09 07:00:00+00:00,1.0
24386,2026-02-09 08:00:00+00:00,1.0
24386,2026-02-09 09:00:00+00:00,1.0
24386,2026-02-09 10:00:00+00:00,1.0
24387,2026-02-08 11:00:00+00:00,5.116666666666667
24387,2026-02-08 12:00:00+00:00,5.333333333333333
24387,2026-02-08 13:00:00+00:00,5.0
24387,2026-02-08 14:00:00+00:00,5.95
24387,2026-02-08 15:00:00+00:00,7.0
24387,2026-02-08 16:00:00+00:00,7.0
24387,2026-02-08 17:00:00+00:00,7.0
24387,2026-02-08 18:00:00+00:00,7.0
24387,2026-02-08 19:00:00+00:00,7.0
24387,2026-02-08 20:00:00+00:00,7.0
24387,2026-02-08 21:00:00+00:00,7.0
24387,2026-02-08 22:00:00+00:00,7.0
24387,2026-02-08 23:00:00+00:00,7.0
24387,2026-02-09 00:00:00+00:00,7.0
24387,2026-02-09 01:00:00+00:00,7.0
24387,2026-02-09 02:00:00+00:00,7.0
24387,2026-02-09 03:00:00+00:00,7.0
24387,2026-02-09 04:00:00+00:00,7.0
24387,2026-02-09 05:00:00+00:00,7.0
24387,2026-02-09 06:00:00+00:00,7.0
24387,2026-02-09 07:00:00+00:00,7.0
24387,2026-02-09 08:00:00+00:00,7.0
24387,2026-02-09 09:00:00+00:00,7.0
24387,2026-02-09 10:00:00+00:00,7.0
24388,2026-02-08 11:00:00+00:00,2.0
24388,2026-02-08 12:00:00+00:00,2.0
24388,2026-02-08 13:00:00+00:00,2.0
24388,2026-02-08 14:00:00+00:00,2.0
24388,2026-02-08 15:00:00+00:00,2.0
24388,2026-02-08 16:00:00+00:00,2.0
24388,2026-02-08 17:00:00+00:00,2.0
24388,2026-02-08 18:00:00+00:00,2.0
24388,2026-02-08 19:00:00+00:00,2.0
24388,2026-02-08 20:00:00+00:00,2.0
24388,2026-02-08 21:00:00+00:00,2.0
24388,2026-02-08 22:00:00+00:00,2.0
24388,2026-02-08 23:00:00+00:00,2.0
24388,2026-02-09 00:00:00+00:00,2.0
24388,2026-02-09 01:00:00+00:00,2.0
24388,2026-02-09 02:00:00+00:00,2.0
24388,2026-02-09 03:00:00+00:00,2.0
24388,2026-02-09 04:00:00+00:00,2.0
24388,2026-02-09 05:00:00+00:00,2.0
24388,2026-02-09 06:00:00+00:00,2.0
24388,2026-02-09 07:00:00+00:00,2.0
24388,2026-02-09 08:00:00+00:00,2.0
24388,2026-02-09 09:00:00+00:00,2.0
24388,2026-02-09 10:00:00+00:00,2.0
24389,2026-02-08 11:00:00+00:00,0.0
24389,2026-02-08 12:00:00+00:00,0.35
24389,2026-02-08 13:00:00+00:00,0.0
24389,2026-02-08 14:00:00+00:00,0.8666666666666667
24389,2026-02-08 15:00:00+00:00,1.6666666666666667
24389,2026-02-08 16:00:00+00:00,2.3333333333333335
24389,2026-02-08 17:00:00+00:00,0.43333333333333335
24389,2026-02-08 18:00:00+00:00,0.0
24389,2026-02-08 19:00:00+00:00,0.0
24389,2026-02-08 20:00:00+00:00,0.0
24389,2026-02-08 21:00:00+00:00,0.4166666666666667
24389,2026-02-08 22:00:00+00:00,0.0
24389,2026-02-08 23:00:00+00:00,0.0
24389,2026-02-09 00:00:00+00:00,0.0
24389,2026-02-09 01:00:00+00:00,0.0
24389,2026-02-09 02:00:00+00:00,0.0
24389,2026-02-09 03:00:00+00:00,0.0
24389,2026-02-09 04:00:00+00:00,0.0
24389,2026-02-09 05:00:00+00:00,0.0
24389,2026-02-09 06:00:00+00:00,0.0
24389,2026-02-09 07:00:00+00:00,0.0
24389,2026-02-09 08:00:00+00:00,0.2
24389,2026-02-09 09:00:00+00:00,0.0
24389,2026-02-09 10:00:00+00:00,0.0
24390,2026-02-08 11:00:00+00:00,1.0
24390,2026-02-08 12:00:00+00:00,1.0
24390,2026-02-08 13:00:00+00:00,1.0
24390,2026-02-08 14:00:00+00:00,0.35
24390,2026-02-08 15:00:00+00:00,0.13333333333333333
24390,2026-02-08 16:00:00+00:00,0.0
24390,2026-02-08 17:00:00+00:00,0.0
24390,2026-02-08 18:00:00+00:00,0.05
24390,2026-02-08 19:00:00+00:00,1.0
24390,2026-02-08 20:00:00+00:00,1.0
24390,2026-02-08 21:00:00+00:00,1.0
24390,2026-02-08 22:00:00+00:00,0.8333333333333334
24390,2026-02-08 23:00:00+00:00,0.0
24390,2026-02-09 00:00:00+00:00,0.0
24390,2026-02-09 01:00:00+00:00,0.0
24390,2026-02-09 02:00:00+00:00,0.0
24390,2026-02-09 03:00:00+00:00,0.0
24390,2026-02-09 04:00:00+00:00,0.0
24390,2026-02-09 05:00:00+00:00,0.0
24390,2026-02-09 06:00:00+00:00,0.2833333333333333
24390,2026-02-09 07:00:00+00:00,1.2166666666666668
24390,2026-02-09 08:00:00+00:00,1.95
24390,2026-02-09 09:00:00+00:00,2.0
24390,2026-02-09 10:00:00+00:00,2.8
24391,2026-02-08 11:00:00+00:00,8.216666666666667
24391,2026-02-08 12:00:00+00:00,8.766666666666667
24391,2026-02-08 13:00:00+00:00,8.183333333333334
24391,2026-02-08 14:00:00+00:00,6.616666666666667
24391,2026-02-08 15:00:00+00:00,4.25
24391,2026-02-08 16:00:00+00:00,1.25
24391,2026-02-08 17:00:00+00:00,3.0166666666666666
24391,2026-02-08 18:00:00+00:00,3.65
24391,2026-02-08 19:00:00+00:00,2.6666666666666665
24391,2026-02-08 20:00:00+00:00,3.5166666666666666
24391,2026-02-08 21:00:00+00:00,4.183333333333334
24391,2026-02-08 22:00:00+00:00,5.383333333333333
24391,2026-02-08 23:00:00+00:00,6.95
24391,2026-02-09 00:00:00+00:00,6.181818181818182
24391,2026-02-09 01:00:00+00:00,6.0
24391,2026-02-09 02:00:00+00:00,6.383333333333333
24391,2026-02-09 03:00:00+00:00,7.0
24391,2026-02-09 04:00:00+00:00,7.916666666666667
24391,2026-02-09 05:00:00+00:00,5.933333333333334
24391,2026-02-09 06:00:00+00:00,2.5
24391,2026-02-09 07:00:00+00:00,0.1
24391,2026-02-09 08:00:00+00:00,0.3
24391,2026-02-09 09:00:00+00:00,0.0
24391,2026-02-09 10:00:00+00:00,0.05
24392,2026-02-08 11:00:00+00:00,4.0
24392,2026-02-08 12:00:00+00:00,4.0
24392,2026-02-08 13:00:00+00:00,4.0
24392,2026-02-08 14:00:00+00:00,4.5
24392,2026-02-08 15:00:00+00:00,5.016666666666667
24392,2026-02-08 16:00:00+00:00,5.0
24392,2026-02-08 17:00:00+00:00,5.783333333333333
24392,2026-02-08 18:00:00+00:00,6.0
24392,2026-02-08 19:00:00+00:00,6.0
24392,2026-02-08 20:00:00+00:00,6.0
24392,2026-02-08 21:00:00+00:00,6.0
24392,2026-02-08 22:00:00+00:00,6.833333333333333
24392,2026-02-08 23:00:00+00:00,7.0
24392,2026-02-09 00:00:00+00:00,7.0
24392,2026-02-09 01:00:00+00:00,7.0
24392,2026-02-09 02:00:00+00:00,7.0
24392,2026-02-09 03:00:00+00:00,7.0
24392,2026-02-09 04:00:00+00:00,7.0
24392,2026-02-09 05:00:00+00:00,7.0
24392,2026-02-09 06:00:00+00:00,6.966666666666667
24392,2026-02-09 07:00:00+00:00,6.0
24392,2026-02-09 08:00:00+00:00,6.0
24392,2026-02-09 09:00:00+00:00,5.983333333333333
24392,2026-02-09 10:00:00+00:00,5.616666666666667
24393,2026-02-08 11:00:00+00:00,9.0
24393,2026-02-08 12:00:00+00:00,8.333333333333334
24393,2026-02-08 13:00:00+00:00,7.633333333333333
24393,2026-02-08 14:00:00+00:00,7.083333333333333
24393,2026-02-08 15:00:00+00:00,7.0
24393,2026-02-08 16:00:00+00:00,7.666666666666667
24393,2026-02-08 17:00:00+00:00,7.0
24393,2026-02-08 18:00:00+00:00,7.0
24393,2026-02-08 19:00:00+00:00,7.0
24393,2026-02-08 20:00:00+00:00,7.0
24393,2026-02-08 21:00:00+00:00,7.0
24393,2026-02-08 22:00:00+00:00,8.233333333333333
24393,2026-02-08 23:00:00+00:00,9.0
24393,2026-02-09 00:00:00+00:00,9.0
24393,2026-02-09 01:00:00+00:00,9.0
24393,2026-02-09 02:00:00+00:00,9.0
24393,2026-02-09 03:00:00+00:00,9.0
24393,2026-02-09 04:00:00+00:00,9.0
24393,2026-02-09 05:00:00+00:00,9.0
24393,2026-02-09 06:00:00+00:00,9.0
24393,2026-02-09 07:00:00+00:00,8.633333333333333
24393,2026-02-09 08:00:00+00:00,9.0
24393,2026-02-09 09:00:00+00:00,9.0
24393,2026-02-09 10:00:00+00:00,8.45
24394,2026-02-08 11:00:00+00:00,3.933333333333333
24394,2026-02-08 12:00:00+00:00,3.0
24394,2026-02-08 13:00:00+00:00,3.0
24394,2026-02-08 14:00:00+00:00,3.55
24394,2026-02-08 15:00:00+00:00,4.0
24394,2026-02-08 16:00:00+00:00,4.0
24394,2026-02-08 17:00:00+00:00,4.0
24394,2026-02-08 18:00:00+00:00,4.0
24394,2026-02-08 19:00:00+00:00,3.4166666666666665
24394,2026-02-08 20:00:00+00:00,3.0
24394,2026-02-08 21:00:00+00:00,3.0
24394,2026-02-08 22:00:00+00:00,3.0
24394,2026-02-08 23:00:00+00:00,3.0
24394,2026-02-09 00:00:00+00:00,3.0
24394,2026-02-09 01:00:00+00:00,3.0
24394,2026-02-09 02:00:00+00:00,3.0
24394,2026-02-09 03:00:00+00:00,3.0
24394,2026-02-09 04:00:00+00:00,3.0
24394,2026-02-09 05:00:00+00:00,3.0
24394,2026-02-09 06:00:00+00:00,2.783333333333333
24394,2026-02-09 07:00:00+00:00,3.0
24394,2026-02-09 08:00:00+00:00,3.25
24394,2026-02-09 09:00:00+00:00,4.0
24394,2026-02-09 10:00:00+00:00,4.0
24395,2026-02-08 11:00:00+00:00,6.0
24395,2026-02-08 12:00:00+00:00,6.0
24395,2026-02-08 13:00:00+00:00,6.0
24395,2026-02-08 14:00:00+00:00,6.0
24395,2026-02-08 15:00:00+00:00,6.183333333333334
24395,2026-02-08 16:00:00+00:00,7.0
24395,2026-02-08 17:00:00+00:00,7.0
24395,2026-02-08 18:00:00+00:00,7.0
24395,2026-02-08 19:00:00+00:00,7.0
24395,2026-02-08 20:00:00+00:00,7.0
24395,2026-02-08 21:00:00+00:00,7.0
24395,2026-02-08 22:00:00+00:00,7.0
24395,2026-02-08 23:00:00+00:00,7.0
24395,2026-02-09 00:00:00+00:00,7.0
24395,2026-02-09 01:00:00+00:00,7.0
24395,2026-02-09 02:00:00+00:00,7.0
24395,2026-02-09 03:00:00+00:00,7.0
24395,2026-02-09 04:00:00+00:00,7.0
24395,2026-02-09 05:00:00+00:00,6.35
24395,2026-02-09 06:00:00+00:00,6.0
24395,2026-02-09 07:00:00+00:00,6.0
24395,2026-02-09 08:00:00+00:00,6.516666666666667
24395,2026-02-09 09:00:00+00:00,7.0
24395,2026-02-09 10:00:00+00:00,7.0
24396,2026-02-08 11:00:00+00:00,2.0
24396,2026-02-08 12:00:00+00:00,2.0
24396,2026-02-08 13:00:00+00:00,2.0
24396,2026-02-08 14:00:00+00:00,2.0
24396,2026-02-08 15:00:00+00:00,2.0
24396,2026-02-08 16:00:00+00:00,2.0
24396,2026-02-08 17:00:00+00:00,2.0
24396,2026-02-08 18:00:00+00:00,2.0
24396,2026-02-08 19:00:00+00:00,2.0
24396,2026-02-08 20:00:00+00:00,2.0
24396,2026-02-08 21:00:00+00:00,2.3
24396,2026-02-08 22:00:00+00:00,3.0
24396,2026-02-08 23:00:00+00:00,3.0
24396,2026-02-09 00:00:00+00:00,3.0
24396,2026-02-09 01:00:00+00:00,3.0
24396,2026-02-09 02:00:00+00:00,3.0
24396,2026-02-09 03:00:00+00:00,3.0
24396,2026-02-09 04:00:00+00:00,3.0
24396,2026-02-09 05:00:00+00:00,3.0
24396,2026-02-09 06:00:00+00:00,3.0
24396,2026-02-09 07:00:00+00:00,3.0
24396,2026-02-09 08:00:00+00:00,3.0
24396,2026-02-09 09:00:00+00:00,2.566666666666667
24396,2026-02-09 10:00:00+00:00,2.0
24397,2026-02-08 11:00:00+00:00,41.583333333333336
24397,2026-02-08 12:00:00+00:00,42.13333333333333
24397,2026-02-08 13:00:00+00:00,40.95
24397,2026-02-08 14:00:00+00:00,38.75
24397,2026-02-08 15:00:00+00:00,37.55
24397,2026-02-08 16:00:00+00:00,36.61666666666667
24397,2026-02-08 17:00:00+00:00,37.78333333333333
24397,2026-02-08 18:00:00+00:00,38.7
24397,2026-02-08 19:00:00+00:00,32.516666666666666
24397,2026-02-08 20:00:00+00:00,32.35
24397,2026-02-08 21:00:00+00:00,30.983333333333334
24397,2026-02-08 22:00:00+00:00,30.85
24397,2026-02-08 23:00:00+00:00,30.0
24397,2026-02-09 00:00:00+00:00,30.0
24397,2026-02-09 01:00:00+00:00,30.0
24397,2026-02-09 02:00:00+00:00,30.0
24397,2026-02-09 03:00:00+00:00,29.616666666666667
24397,2026-02-09 04:00:00+00:00,29.9
24397,2026-02-09 05:00:00+00:00,31.433333333333334
24397,2026-02-09 06:00:00+00:00,27.3
24397,2026-02-09 07:00:00+00:00,22.316666666666666
24397,2026-02-09 08:00:00+00:00,15.783333333333333
24397,2026-02-09 09:00:00+00:00,13.266666666666667
24397,2026-02-09 10:00:00+00:00,12.25
24398,2026-02-08 11:00:00+00:00,12.0
24398,2026-02-08 12:00:00+00:00,12.0
24398,2026-02-08 13:00:00+00:00,12.0
24398,2026-02-08 14:00:00+00:00,12.416666666666666
24398,2026-02-08 15:00:00+00:00,12.0
24398,2026-02-08 16:00:00+00:00,12.85
24398,2026-02-08 17:00:00+00:00,14.55
24398,2026-02-08 18:00:00+00:00,15.0
24398,2026-02-08 19:00:00+00:00,14.033333333333333
24398,2026-02-08 20:00:00+00:00,14.0
24398,2026-02-08 21:00:00+00:00,13.033333333333333
24398,2026-02-08 22:00:00+00:00,13.0
24398,2026-02-08 23:00:00+00:00,13.0
24398,2026-02-09 00:00:00+00:00,13.0
24398,2026-02-09 01:00:00+00:00,13.0
24398,2026-02-09 02:00:00+00:00,13.0
24398,2026-02-09 03:00:00+00:00,13.0
24398,2026-02-09 04:00:00+00:00,12.8
24398,2026-02-09 05:00:00+00:00,11.416666666666666
24398,2026-02-09 06:00:00+00:00,12.7
24398,2026-02-09 07:00:00+00:00,14.0
24398,2026-02-09 08:00:00+00:00,14.0
24398,2026-02-09 09:00:00+00:00,14.0
24398,2026-02-09 10:00:00+00:00,14.0
24399,2026-02-08 11:00:00+00:00,2.0
24399,2026-02-08 12:00:00+00:00,2.433333333333333
24399,2026-02-08 13:00:00+00:00,2.5166666666666666
24399,2026-02-08 14:00:00+00:00,2.933333333333333
24399,2026-02-08 15:00:00+00:00,3.4166666666666665
24399,2026-02-08 16:00:00+00:00,4.05
24399,2026-02-08 17:00:00+00:00,4.0
24399,2026-02-08 18:00:00+00:00,4.0
24399,2026-02-08 19:00:00+00:00,4.25
24399,2026-02-08 20:00:00+00:00,3.283333333333333
24399,2026-02-08 21:00:00+00:00,3.0
24399,2026-02-08 22:00:00+00:00,3.0
24399,2026-02-08 23:00:00+00:00,3.0
24399,2026-02-09 00:00:00+00:00,3.0
24399,2026-02-09 01:00:00+00:00,3.0
24399,2026-02-09 02:00:00+00:00,3.0
24399,2026-02-09 03:00:00+00:00,3.283333333333333
24399,2026-02-09 04:00:00+00:00,2.15
24399,2026-02-09 05:00:00+00:00,0.6833333333333333
24399,2026-02-09 06:00:00+00:00,0.0
24399,2026-02-09 07:00:00+00:00,0.016666666666666666
24399,2026-02-09 08:00:00+00:00,0.26666666666666666
24399,2026-02-09 09:00:00+00:00,2.0
24399,2026-02-09 10:00:00+00:00,1.2833333333333332
24400,2026-02-08 11:00:00+00:00,6.0
24400,2026-02-08 12:00:00+00:00,6.0
24400,2026-02-08 13:00:00+00:00,6.0
24400,2026-02-08 14:00:00+00:00,6.0
24400,2026-02-08 15:00:00+00:00,6.0
24400,2026-02-08 16:00:00+00:00,6.0
24400,2026-02-08 17:00:00+00:00,6.0
24400,2026-02-08 18:00:00+00:00,6.0
24400,2026-02-08 19:00:00+00:00,6.0
24400,2026-02-08 20:00:00+00:00,6.0
24400,2026-02-08 21:00:00+00:00,6.0
24400,2026-02-08 22:00:00+00:00,6.0
24400,2026-02-08 23:00:00+00:00,6.0
24400,2026-02-09 00:00:00+00:00,6.0
24400,2026-02-09 01:00:00+00:00,6.0
24400,2026-02-09 02:00:00+00:00,6.0
24400,2026-02-09 03:00:00+00:00,6.0
24400,2026-02-09 04:00:00+00:00,6.0
24400,2026-02-09 05:00:00+00:00,6.0
24400,2026-02-09 06:00:00+00:00,5.25
24400,2026-02-09 07:00:00+00:00,6.0
24400,2026-02-09 08:00:00+00:00,6.0
24400,2026-02-09 09:00:00+00:00,6.0
24400,2026-02-09 10:00:00+00:00,6.0
24401,2026-02-08 11:00:00+00:00,13.0
24401,2026-02-08 12:00:00+00:00,13.0
24401,2026-02-08 13:00:00+00:00,13.0
24401,2026-02-08 14:00:00+00:00,13.0
24401,2026-02-08 15:00:00+00:00,13.0
24401,2026-02-08 16:00:00+00:00,13.0
24401,2026-02-08 17:00:00+00:00,13.0
24401,2026-02-08 18:00:00+00:00,13.0
24401,2026-02-08 19:00:00+00:00,13.0
24401,2026-02-08 20:00:00+00:00,13.0
24401,2026-02-08 21:00:00+00:00,13.0
24401,2026-02-08 22:00:00+00:00,13.0
24401,2026-02-08 23:00:00+00:00,13.0
24401,2026-02-09 00:00:00+00:00,13.0
24401,2026-02-09 01:00:00+00:00,13.0
24401,2026-02-09 02:00:00+00:00,13.0
24401,2026-02-09 03:00:00+00:00,13.0
24401,2026-02-09 04:00:00+00:00,13.0
24401,2026-02-09 05:00:00+00:00,13.0
24401,2026-02-09 06:00:00+00:00,13.0
24401,2026-02-09 07:00:00+00:00,12.6
24401,2026-02-09 08:00:00+00:00,13.0
24401,2026-02-09 09:00:00+00:00,13.0
24401,2026-02-09 10:00:00+00:00,13.0
24402,2026-02-08 11:00:00+00:00,6.0
24402,2026-02-08 12:00:00+00:00,6.0
24402,2026-02-08 13:00:00+00:00,6.0
24402,2026-02-08 14:00:00+00:00,6.0
24402,2026-02-08 15:00:00+00:00,6.0
24402,2026-02-08 16:00:00+00:00,6.0
24402,2026-02-08 17:00:00+00:00,6.0
24402,2026-02-08 18:00:00+00:00,6.0
24402,2026-02-08 19:00:00+00:00,5.766666666666667
24402,2026-02-08 20:00:00+00:00,6.0
24402,2026-02-08 21:00:00+00:00,6.0
24402,2026-02-08 22:00:00+00:00,6.0
24402,2026-02-08 23:00:00+00:00,6.0
24402,2026-02-09 00:00:00+00:00,6.0
24402,2026-02-09 01:00:00+00:00,6.0
24402,2026-02-09 02:00:00+00:00,6.0
24402,2026-02-09 03:00:00+00:00,6.0
24402,2026-02-09 04:00:00+00:00,6.0
24402,2026-02-09 05:00:00+00:00,6.0
24402,2026-02-09 06:00:00+00:00,6.0
24402,2026-02-09 07:00:00+00:00,6.0
24402,2026-02-09 08:00:00+00:00,6.0
24402,2026-02-09 09:00:00+00:00,6.0
24402,2026-02-09 10:00:00+00:00,6.0
24403,2026-02-08 11:00:00+00:00,8.0
24403,2026-02-08 12:00:00+00:00,8.0
24403,2026-02-08 13:00:00+00:00,8.0
24403,2026-02-08 14:00:00+00:00,8.0
24403,2026-02-08 15:00:00+00:00,8.0
24403,2026-02-08 16:00:00+00:00,8.0
24403,2026-02-08 17:00:00+00:00,8.0
24403,2026-02-08 18:00:00+00:00,8.0
24403,2026-02-08 19:00:00+00:00,8.0
24403,2026-02-08 20:00:00+00:00,8.0
24403,2026-02-08 21:00:00+00:00,8.0
24403,2026-02-08 22:00:00+00:00,8.0
24403,2026-02-08 23:00:00+00:00,8.0
24403,2026-02-09 00:00:00+00:00,8.0
24403,2026-02-09 01:00:00+00:00,8.0
24403,2026-02-09 02:00:00+00:00,8.0
24403,2026-02-09 03:00:00+00:00,8.0
24403,2026-02-09 04:00:00+00:00,8.0
24403,2026-02-09 05:00:00+00:00,8.0
24403,2026-02-09 06:00:00+00:00,8.0
24403,2026-02-09 07:00:00+00:00,8.0
24403,2026-02-09 08:00:00+00:00,8.0
24403,2026-02-09 09:00:00+00:00,8.0
24403,2026-02-09 10:00:00+00:00,8.0
24404,2026-02-08 11:00:00+00:00,6.0
24404,2026-02-08 12:00:00+00:00,6.0
24404,2026-02-08 13:00:00+00:00,6.0
24404,2026-02-08 14:00:00+00:00,6.0
24404,2026-02-08 15:00:00+00:00,6.0
24404,2026-02-08 16:00:00+00:00,6.0
24404,2026-02-08 17:00:00+00:00,6.0
24404,2026-02-08 18:00:00+00:00,6.0
24404,2026-02-08 19:00:00+00:00,6.0
24404,2026-02-08 20:00:00+00:00,6.0
24404,2026-02-08 21:00:00+00:00,6.0
24404,2026-02-08 22:00:00+00:00,6.0
24404,2026-02-08 23:00:00+00:00,6.0
24404,2026-02-09 00:00:00+00:00,6.0
24404,2026-02-09 01:00:00+00:00,6.0
24404,2026-02-09 02:00:00+00:00,6.0
24404,2026-02-09 03:00:00+00:00,6.0
24404,2026-02-09 04:00:00+00:00,6.0
24404,2026-02-09 05:00:00+00:00,6.0
24404,2026-02-09 06:00:00+00:00,6.0
24404,2026-02-09 07:00:00+00:00,6.0
24404,2026-02-09 08:00:00+00:00,6.0
24404,2026-02-09 09:00:00+00:00,6.0
24404,2026-02-09 10:00:00+00:00,6.0
24405,2026-02-08 11:00:00+00:00,5.0
24405,2026-02-08 12:00:00+00:00,5.0
24405,2026-02-08 13:00:00+00:00,5.0
24405,2026-02-08 14:00:00+00:00,5.0
24405,2026-02-08 15:00:00+00:00,5.0
24405,2026-02-08 16:00:00+00:00,5.0
24405,2026-02-08 17:00:00+00:00,5.0
24405,2026-02-08 18:00:00+00:00,5.0
24405,2026-02-08 19:00:00+00:00,5.0
24405,2026-02-08 20:00:00+00:00,5.0
24405,2026-02-08 21:00:00+00:00,5.0
24405,2026-02-08 22:00:00+00:00,5.0
24405,2026-02-08 23:00:00+00:00,5.0
24405,2026-02-09 00:00:00+00:00,5.0
24405,2026-02-09 01:00:00+00:00,5.0
24405,2026-02-09 02:00:00+00:00,5.0
24405,2026-02-09 03:00:00+00:00,5.0
24405,2026-02-09 04:00:00+00:00,5.0
24405,2026-02-09 05:00:00+00:00,5.0
24405,2026-02-09 06:00:00+00:00,5.0
24405,2026-02-09 07:00:00+00:00,5.0
24405,2026-02-09 08:00:00+00:00,5.0
24405,2026-02-09 09:00:00+00:00,5.0
24405,2026-02-09 10:00:00+00:00,5.0
24406,2026-02-08 11:00:00+00:00,6.0
24406,2026-02-08 12:00:00+00:00,6.0
24406,2026-02-08 13:00:00+00:00,6.0
24406,2026-02-08 14:00:00+00:00,6.0
24406,2026-02-08 15:00:00+00:00,6.0
24406,2026-02-08 16:00:00+00:00,6.0
24406,2026-02-08 17:00:00+00:00,6.0
24406,2026-02-08 18:00:00+00:00,6.0
24406,2026-02-08 19:00:00+00:00,6.0
24406,2026-02-08 20:00:00+00:00,6.0
24406,2026-02-08 21:00:00+00:00,6.0
24406,2026-02-08 22:00:00+00:00,6.0
24406,2026-02-08 23:00:00+00:00,6.0
24406,2026-02-09 00:00:00+00:00,6.0
24406,2026-02-09 01:00:00+00:00,6.0
24406,2026-02-09 02:00:00+00:00,6.0
24406,2026-02-09 03:00:00+00:00,6.0
24406,2026-02-09 04:00:00+00:00,6.0
24406,2026-02-09 05:00:00+00:00,6.0
24406,2026-02-09 06:00:00+00:00,6.0
24406,2026-02-09 07:00:00+00:00,6.0
24406,2026-02-09 08:00:00+00:00,5.35
24406,2026-02-09 09:00:00+00:00,5.0
24406,2026-02-09 10:00:00+00:00,5.0
24407,2026-02-08 11:00:00+00:00,1.0
24407,2026-02-08 12:00:00+00:00,1.0
24407,2026-02-08 13:00:00+00:00,1.0
24407,2026-02-08 14:00:00+00:00,1.0
24407,2026-02-08 15:00:00+00:00,1.0
24407,2026-02-08 16:00:00+00:00,1.0
24407,2026-02-08 17:00:00+00:00,1.0
24407,2026-02-08 18:00:00+00:00,1.0
24407,2026-02-08 19:00:00+00:00,1.0
24407,2026-02-08 20:00:00+00:00,1.0
24407,2026-02-08 21:00:00+00:00,1.0
24407,2026-02-08 22:00:00+00:00,1.0
24407,2026-02-08 23:00:00+00:00,1.0
24407,2026-02-09 00:00:00+00:00,1.0
24407,2026-02-09 01:00:00+00:00,1.0
24407,2026-02-09 02:00:00+00:00,1.0
24407,2026-02-09 03:00:00+00:00,1.0
24407,2026-02-09 04:00:00+00:00,1.0
24407,2026-02-09 05:00:00+00:00,1.0
24407,2026-02-09 06:00:00+00:00,1.0
24407,2026-02-09 07:00:00+00:00,1.0166666666666666
24407,2026-02-09 08:00:00+00:00,1.0
24407,2026-02-09 09:00:00+00:00,1.0
24407,2026-02-09 10:00:00+00:00,1.0
24408,2026-02-08 11:00:00+00:00,2.0
24408,2026-02-08 12:00:00+00:00,1.8166666666666667
24408,2026-02-08 13:00:00+00:00,1.0
24408,2026-02-08 14:00:00+00:00,1.05
24408,2026-02-08 15:00:00+00:00,2.0
24408,2026-02-08 16:00:00+00:00,2.3
24408,2026-02-08 17:00:00+00:00,3.0
24408,2026-02-08 18:00:00+00:00,3.0
24408,2026-02-08 19:00:00+00:00,3.0
24408,2026-02-08 20:00:00+00:00,3.0
24408,2026-02-08 21:00:00+00:00,3.0
24408,2026-02-08 22:00:00+00:00,3.0
24408,2026-02-08 23:00:00+00:00,3.0
24408,2026-02-09 00:00:00+00:00,3.0
24408,2026-02-09 01:00:00+00:00,3.0
24408,2026-02-09 02:00:00+00:00,3.0
24408,2026-02-09 03:00:00+00:00,3.0
24408,2026-02-09 04:00:00+00:00,3.2666666666666666
24408,2026-02-09 05:00:00+00:00,6.916666666666667
24408,2026-02-09 06:00:00+00:00,11.083333333333334
24408,2026-02-09 07:00:00+00:00,13.366666666666667
24408,2026-02-09 08:00:00+00:00,14.333333333333334
24408,2026-02-09 09:00:00+00:00,15.0
24408,2026-02-09 10:00:00+00:00,15.0
24409,2026-02-08 11:00:00+00:00,1.0
24409,2026-02-08 12:00:00+00:00,1.0
24409,2026-02-08 13:00:00+00:00,1.0
24409,2026-02-08 14:00:00+00:00,1.0
24409,2026-02-08 15:00:00+00:00,1.0
24409,2026-02-08 16:00:00+00:00,1.0
24409,2026-02-08 17:00:00+00:00,1.0
24409,2026-02-08 18:00:00+00:00,1.0
24409,2026-02-08 19:00:00+00:00,1.0
24409,2026-02-08 20:00:00+00:00,1.0
24409,2026-02-08 21:00:00+00:00,1.0
24409,2026-02-08 22:00:00+00:00,1.0
24409,2026-02-08 23:00:00+00:00,1.0
24409,2026-02-09 00:00:00+00:00,1.0
24409,2026-02-09 01:00:00+00:00,1.0
24409,2026-02-09 02:00:00+00:00,1.0
24409,2026-02-09 03:00:00+00:00,1.0
24409,2026-02-09 04:00:00+00:00,1.0
24409,2026-02-09 05:00:00+00:00,1.0
24409,2026-02-09 06:00:00+00:00,1.0
24409,2026-02-09 07:00:00+00:00,1.0
24409,2026-02-09 08:00:00+00:00,1.6833333333333333
24409,2026-02-09 09:00:00+00:00,2.0
24409,2026-02-09 10:00:00+00:00,2.0
24410,2026-02-08 11:00:00+00:00,3.0
24410,2026-02-08 12:00:00+00:00,3.0
24410,2026-02-08 13:00:00+00:00,3.0
24410,2026-02-08 14:00:00+00:00,3.0
24410,2026-02-08 15:00:00+00:00,3.0
24410,2026-02-08 16:00:00+00:00,3.0
24410,2026-02-08 17:00:00+00:00,3.0
24410,2026-02-08 18:00:00+00:00,3.0
24410,2026-02-08 19:00:00+00:00,3.0
24410,2026-02-08 20:00:00+00:00,3.0
24410,2026-02-08 21:00:00+00:00,3.0
24410,2026-02-08 22:00:00+00:00,3.0
24410,2026-02-08 23:00:00+00:00,3.0
24410,2026-02-09 00:00:00+00:00,3.0
24410,2026-02-09 01:00:00+00:00,3.0
24410,2026-02-09 02:00:00+00:00,3.0
24410,2026-02-09 03:00:00+00:00,3.0
24410,2026-02-09 04:00:00+00:00,3.0
24410,2026-02-09 05:00:00+00:00,3.0
24410,2026-02-09 06:00:00+00:00,3.0
24410,2026-02-09 07:00:00+00:00,3.0
24410,2026-02-09 08:00:00+00:00,3.0
24410,2026-02-09 09:00:00+00:00,3.0
24410,2026-02-09 10:00:00+00:00,3.0
24411,2026-02-08 11:00:00+00:00,3.0
24411,2026-02-08 12:00:00+00:00,3.0
24411,2026-02-08 13:00:00+00:00,3.0
24411,2026-02-08 14:00:00+00:00,3.0
24411,2026-02-08 15:00:00+00:00,3.0
24411,2026-02-08 16:00:00+00:00,3.9833333333333334
24411,2026-02-08 17:00:00+00:00,4.0
24411,2026-02-08 18:00:00+00:00,4.0
24411,2026-02-08 19:00:00+00:00,4.0
24411,2026-02-08 20:00:00+00:00,4.0
24411,2026-02-08 21:00:00+00:00,4.0
24411,2026-02-08 22:00:00+00:00,4.0
24411,2026-02-08 23:00:00+00:00,4.0
24411,2026-02-09 00:00:00+00:00,4.0
24411,2026-02-09 01:00:00+00:00,4.0
24411,2026-02-09 02:00:00+00:00,4.0
24411,2026-02-09 03:00:00+00:00,4.0
24411,2026-02-09 04:00:00+00:00,4.0
24411,2026-02-09 05:00:00+00:00,4.0
24411,2026-02-09 06:00:00+00:00,3.1666666666666665
24411,2026-02-09 07:00:00+00:00,3.0
24411,2026-02-09 08:00:00+00:00,3.0
24411,2026-02-09 09:00:00+00:00,3.0
24411,2026-02-09 10:00:00+00:00,3.0
24412,2026-02-08 11:00:00+00:00,12.883333333333333
24412,2026-02-08 12:00:00+00:00,13.533333333333333
24412,2026-02-08 13:00:00+00:00,14.566666666666666
24412,2026-02-08 14:00:00+00:00,16.933333333333334
24412,2026-02-08 15:00:00+00:00,17.75
24412,2026-02-08 16:00:00+00:00,18.4
24412,2026-02-08 17:00:00+00:00,17.016666666666666
24412,2026-02-08 18:00:00+00:00,16.75
24412,2026-02-08 19:00:00+00:00,17.0
24412,2026-02-08 20:00:00+00:00,15.966666666666667
24412,2026-02-08 21:00:00+00:00,15.0
24412,2026-02-08 22:00:00+00:00,15.0
24412,2026-02-08 23:00:00+00:00,15.0
24412,2026-02-09 00:00:00+00:00,15.0
24412,2026-02-09 01:00:00+00:00,15.0
24412,2026-02-09 02:00:00+00:00,15.0
24412,2026-02-09 03:00:00+00:00,15.0
24412,2026-02-09 04:00:00+00:00,15.55
24412,2026-02-09 05:00:00+00:00,16.216666666666665
24412,2026-02-09 06:00:00+00:00,16.966666666666665
24412,2026-02-09 07:00:00+00:00,17.0
24412,2026-02-09 08:00:00+00:00,16.716666666666665
24412,2026-02-09 09:00:00+00:00,16.483333333333334
24412,2026-02-09 10:00:00+00:00,15.433333333333334
24413,2026-02-08 11:00:00+00:00,3.033333333333333
24413,2026-02-08 12:00:00+00:00,3.4
24413,2026-02-08 13:00:00+00:00,2.5166666666666666
24413,2026-02-08 14:00:00+00:00,2.6
24413,2026-02-08 15:00:00+00:00,2.2
24413,2026-02-08 16:00:00+00:00,2.75
24413,2026-02-08 17:00:00+00:00,4.866666666666667
24413,2026-02-08 18:00:00+00:00,5.166666666666667
24413,2026-02-08 19:00:00+00:00,5.516666666666667
24413,2026-02-08 20:00:00+00:00,5.283333333333333
24413,2026-02-08 21:00:00+00:00,5.0
24413,2026-02-08 22:00:00+00:00,3.15
24413,2026-02-08 23:00:00+00:00,1.0
24413,2026-02-09 00:00:00+00:00,1.0
24413,2026-02-09 01:00:00+00:00,1.0
24413,2026-02-09 02:00:00+00:00,1.0
24413,2026-02-09 03:00:00+00:00,1.3333333333333333
24413,2026-02-09 04:00:00+00:00,2.0
24413,2026-02-09 05:00:00+00:00,2.75
24413,2026-02-09 06:00:00+00:00,1.7833333333333332
24413,2026-02-09 07:00:00+00:00,1.0
24413,2026-02-09 08:00:00+00:00,1.0
24413,2026-02-09 09:00:00+00:00,1.0
24413,2026-02-09 10:00:00+00:00,0.5833333333333334
24414,2026-02-08 11:00:00+00:00,3.0
24414,2026-02-08 12:00:00+00:00,3.0
24414,2026-02-08 13:00:00+00:00,3.0
24414,2026-02-08 14:00:00+00:00,3.0
24414,2026-02-08 15:00:00+00:00,3.0
24414,2026-02-08 16:00:00+00:00,3.0
24414,2026-02-08 17:00:00+00:00,3.0
24414,2026-02-08 18:00:00+00:00,3.0
24414,2026-02-08 19:00:00+00:00,3.0
24414,2026-02-08 20:00:00+00:00,3.0
24414,2026-02-08 21:00:00+00:00,3.0
24414,2026-02-08 22:00:00+00:00,3.0
24414,2026-02-08 23:00:00+00:00,3.0
24414,2026-02-09 00:00:00+00:00,3.0
24414,2026-02-09 01:00:00+00:00,3.0
24414,2026-02-09 02:00:00+00:00,3.0
24414,2026-02-09 03:00:00+00:00,3.0
24414,2026-02-09 04:00:00+00:00,3.0
24414,2026-02-09 05:00:00+00:00,3.0
24414,2026-02-09 06:00:00+00:00,3.0
24414,2026-02-09 07:00:00+00:00,3.0
24414,2026-02-09 08:00:00+00:00,3.0
24414,2026-02-09 09:00:00+00:00,3.0
24414,2026-02-09 10:00:00+00:00,3.0
24415,2026-02-08 11:00:00+00:00,1.0
24415,2026-02-08 12:00:00+00:00,1.0
24415,2026-02-08 13:00:00+00:00,1.0
24415,2026-02-08 14:00:00+00:00,1.0
24415,2026-02-08 15:00:00+00:00,1.0
24415,2026-02-08 16:00:00+00:00,1.0
24415,2026-02-08 17:00:00+00:00,1.0
24415,2026-02-08 18:00:00+00:00,1.0
24415,2026-02-08 19:00:00+00:00,2.0
24415,2026-02-08 20:00:00+00:00,2.0
24415,2026-02-08 21:00:00+00:00,2.0
24415,2026-02-08 22:00:00+00:00,2.0
24415,2026-02-08 23:00:00+00:00,2.0
24415,2026-02-09 00:00:00+00:00,2.0
24415,2026-02-09 01:00:00+00:00,2.0
24415,2026-02-09 02:00:00+00:00,2.0
24415,2026-02-09 03:00:00+00:00,2.0
24415,2026-02-09 04:00:00+00:00,2.0
24415,2026-02-09 05:00:00+00:00,2.0
24415,2026-02-09 06:00:00+00:00,2.0
24415,2026-02-09 07:00:00+00:00,2.0
24415,2026-02-09 08:00:00+00:00,2.0
24415,2026-02-09 09:00:00+00:00,2.0
24415,2026-02-09 10:00:00+00:00,2.0
24416,2026-02-08 11:00:00+00:00,20.0
24416,2026-02-08 12:00:00+00:00,20.016666666666666
24416,2026-02-08 13:00:00+00:00,20.0
24416,2026-02-08 14:00:00+00:00,20.0
24416,2026-02-08 15:00:00+00:00,20.0
24416,2026-02-08 16:00:00+00:00,20.0
24416,2026-02-08 17:00:00+00:00,20.0
24416,2026-02-08 18:00:00+00:00,20.0
24416,2026-02-08 19:00:00+00:00,20.0
24416,2026-02-08 20:00:00+00:00,20.0
24416,2026-02-08 21:00:00+00:00,20.0
24416,2026-02-08 22:00:00+00:00,20.0
24416,2026-02-08 23:00:00+00:00,20.0
24416,2026-02-09 00:00:00+00:00,20.0
24416,2026-02-09 01:00:00+00:00,20.0
24416,2026-02-09 02:00:00+00:00,20.0
24416,2026-02-09 03:00:00+00:00,20.0
24416,2026-02-09 04:00:00+00:00,20.0
24416,2026-02-09 05:00:00+00:00,20.0
24416,2026-02-09 06:00:00+00:00,20.0
24416,2026-02-09 07:00:00+00:00,20.0
24416,2026-02-09 08:00:00+00:00,20.0
24416,2026-02-09 09:00:00+00:00,20.0
24416,2026-02-09 10:00:00+00:00,20.0
24417,2026-02-08 11:00:00+00:00,7.966666666666667
24417,2026-02-08 12:00:00+00:00,7.5
24417,2026-02-08 13:00:00+00:00,7.0
24417,2026-02-08 14:00:00+00:00,7.0
24417,2026-02-08 15:00:00+00:00,8.366666666666667
24417,2026-02-08 16:00:00+00:00,10.0
24417,2026-02-08 17:00:00+00:00,10.0
24417,2026-02-08 18:00:00+00:00,10.816666666666666
24417,2026-02-08 19:00:00+00:00,11.0
24417,2026-02-08 20:00:00+00:00,11.466666666666667
24417,2026-02-08 21:00:00+00:00,12.0
24417,2026-02-08 22:00:00+00:00,12.0
24417,2026-02-08 23:00:00+00:00,12.0
24417,2026-02-09 00:00:00+00:00,12.0
24417,2026-02-09 01:00:00+00:00,12.0
24417,2026-02-09 02:00:00+00:00,12.0
24417,2026-02-09 03:00:00+00:00,12.0
24417,2026-02-09 04:00:00+00:00,12.0
24417,2026-02-09 05:00:00+00:00,11.933333333333334
24417,2026-02-09 06:00:00+00:00,10.5
24417,2026-02-09 07:00:00+00:00,10.566666666666666
24417,2026-02-09 08:00:00+00:00,11.016666666666667
24417,2026-02-09 09:00:00+00:00,11.0
24417,2026-02-09 10:00:00+00:00,11.583333333333334
24418,2026-02-08 11:00:00+00:00,11.0
24418,2026-02-08 12:00:00+00:00,11.0
24418,2026-02-08 13:00:00+00:00,11.0
24418,2026-02-08 14:00:00+00:00,11.0
24418,2026-02-08 15:00:00+00:00,11.0
24418,2026-02-08 16:00:00+00:00,11.0
24418,2026-02-08 17:00:00+00:00,11.0
24418,2026-02-08 18:00:00+00:00,11.0
24418,2026-02-08 19:00:00+00:00,11.0
24418,2026-02-08 20:00:00+00:00,11.0
24418,2026-02-08 21:00:00+00:00,11.0
24418,2026-02-08 22:00:00+00:00,11.0
24418,2026-02-08 23:00:00+00:00,11.0
24418,2026-02-09 00:00:00+00:00,11.0
24418,2026-02-09 01:00:00+00:00,11.0
24418,2026-02-09 02:00:00+00:00,11.0
24418,2026-02-09 03:00:00+00:00,11.0
24418,2026-02-09 04:00:00+00:00,11.0
24418,2026-02-09 05:00:00+00:00,11.0
24418,2026-02-09 06:00:00+00:00,10.966666666666667
24418,2026-02-09 07:00:00+00:00,10.0
24418,2026-02-09 08:00:00+00:00,10.0
24418,2026-02-09 09:00:00+00:00,10.0
24418,2026-02-09 10:00:00+00:00,10.0
24419,2026-02-08 11:00:00+00:00,4.0
24419,2026-02-08 12:00:00+00:00,4.0
24419,2026-02-08 13:00:00+00:00,4.9
24419,2026-02-08 14:00:00+00:00,5.0
24419,2026-02-08 15:00:00+00:00,5.0
24419,2026-02-08 16:00:00+00:00,5.0
24419,2026-02-08 17:00:00+00:00,5.0
24419,2026-02-08 18:00:00+00:00,5.0
24419,2026-02-08 19:00:00+00:00,5.0
24419,2026-02-08 20:00:00+00:00,5.65
24419,2026-02-08 21:00:00+00:00,5.0
24419,2026-02-08 22:00:00+00:00,5.016666666666667
24419,2026-02-08 23:00:00+00:00,6.0
24419,2026-02-09 00:00:00+00:00,6.0
24419,2026-02-09 01:00:00+00:00,6.0
24419,2026-02-09 02:00:00+00:00,6.0
24419,2026-02-09 03:00:00+00:00,6.0
24419,2026-02-09 04:00:00+00:00,6.0
24419,2026-02-09 05:00:00+00:00,6.0
24419,2026-02-09 06:00:00+00:00,6.0
24419,2026-02-09 07:00:00+00:00,5.466666666666667
24419,2026-02-09 08:00:00+00:00,3.8833333333333333
24419,2026-02-09 09:00:00+00:00,3.0
24419,2026-02-09 10:00:00+00:00,3.0
24420,2026-02-08 11:00:00+00:00,4.866666666666667
24420,2026-02-08 12:00:00+00:00,5.0
24420,2026-02-08 13:00:00+00:00,5.0
24420,2026-02-08 14:00:00+00:00,5.0
24420,2026-02-08 15:00:00+00:00,5.0
24420,2026-02-08 16:00:00+00:00,5.0
24420,2026-02-08 17:00:00+00:00,5.0
24420,2026-02-08 18:00:00+00:00,5.0
24420,2026-02-08 19:00:00+00:00,5.0
24420,2026-02-08 20:00:00+00:00,5.0
24420,2026-02-08 21:00:00+00:00,5.0
24420,2026-02-08 22:00:00+00:00,5.0
24420,2026-02-08 23:00:00+00:00,5.0
24420,2026-02-09 00:00:00+00:00,5.0
24420,2026-02-09 01:00:00+00:00,5.0
24420,2026-02-09 02:00:00+00:00,5.0
24420,2026-02-09 03:00:00+00:00,5.0
24420,2026-02-09 04:00:00+00:00,5.0
24420,2026-02-09 05:00:00+00:00,5.0
24420,2026-02-09 06:00:00+00:00,4.7
24420,2026-02-09 07:00:00+00:00,4.0
24420,2026-02-09 08:00:00+00:00,4.0
24420,2026-02-09 09:00:00+00:00,4.0
24420,2026-02-09 10:00:00+00:00,4.0
24421,2026-02-08 11:00:00+00:00,15.0
24421,2026-02-08 12:00:00+00:00,15.05
24421,2026-02-08 13:00:00+00:00,16.0
24421,2026-02-08 14:00:00+00:00,15.166666666666666
24421,2026-02-08 15:00:00+00:00,15.0
24421,2026-02-08 16:00:00+00:00,15.0
24421,2026-02-08 17:00:00+00:00,15.0
24421,2026-02-08 18:00:00+00:00,15.0
24421,2026-02-08 19:00:00+00:00,15.166666666666666
24421,2026-02-08 20:00:00+00:00,16.0
24421,2026-02-08 21:00:00+00:00,15.033333333333333
24421,2026-02-08 22:00:00+00:00,15.0
24421,2026-02-08 23:00:00+00:00,14.033333333333333
24421,2026-02-09 00:00:00+00:00,14.0
24421,2026-02-09 01:00:00+00:00,14.0
24421,2026-02-09 02:00:00+00:00,14.0
24421,2026-02-09 03:00:00+00:00,14.0
24421,2026-02-09 04:00:00+00:00,14.0
24421,2026-02-09 05:00:00+00:00,12.85
24421,2026-02-09 06:00:00+00:00,12.066666666666666
24421,2026-02-09 07:00:00+00:00,13.0
24421,2026-02-09 08:00:00+00:00,13.0
24421,2026-02-09 09:00:00+00:00,13.0
24421,2026-02-09 10:00:00+00:00,12.8
24422,2026-02-08 11:00:00+00:00,8.0
24422,2026-02-08 12:00:00+00:00,8.0
24422,2026-02-08 13:00:00+00:00,8.0
24422,2026-02-08 14:00:00+00:00,8.0
24422,2026-02-08 15:00:00+00:00,8.95
24422,2026-02-08 16:00:00+00:00,9.0
24422,2026-02-08 17:00:00+00:00,9.0
24422,2026-02-08 18:00:00+00:00,9.0
24422,2026-02-08 19:00:00+00:00,9.0
24422,2026-02-08 20:00:00+00:00,9.0
24422,2026-02-08 21:00:00+00:00,9.0
24422,2026-02-08 22:00:00+00:00,9.0
24422,2026-02-08 23:00:00+00:00,9.783333333333333
24422,2026-02-09 00:00:00+00:00,10.0
24422,2026-02-09 01:00:00+00:00,10.0
24422,2026-02-09 02:00:00+00:00,10.0
24422,2026-02-09 03:00:00+00:00,10.0
24422,2026-02-09 04:00:00+00:00,10.0
24422,2026-02-09 05:00:00+00:00,10.0
24422,2026-02-09 06:00:00+00:00,10.0
24422,2026-02-09 07:00:00+00:00,9.833333333333334
24422,2026-02-09 08:00:00+00:00,9.0
24422,2026-02-09 09:00:00+00:00,9.0
24422,2026-02-09 10:00:00+00:00,9.0
24423,2026-02-08 11:00:00+00:00,15.0
24423,2026-02-08 12:00:00+00:00,14.133333333333333
24423,2026-02-08 13:00:00+00:00,14.0
24423,2026-02-08 14:00:00+00:00,14.0
24423,2026-02-08 15:00:00+00:00,13.983333333333333
24423,2026-02-08 16:00:00+00:00,14.0
24423,2026-02-08 17:00:00+00:00,14.0
24423,2026-02-08 18:00:00+00:00,14.0
24423,2026-02-08 19:00:00+00:00,14.0
24423,2026-02-08 20:00:00+00:00,14.7
24423,2026-02-08 21:00:00+00:00,15.016666666666667
24423,2026-02-08 22:00:00+00:00,15.0
24423,2026-02-08 23:00:00+00:00,15.0
24423,2026-02-09 00:00:00+00:00,15.0
24423,2026-02-09 01:00:00+00:00,15.0
24423,2026-02-09 02:00:00+00:00,15.0
24423,2026-02-09 03:00:00+00:00,15.0
24423,2026-02-09 04:00:00+00:00,15.0
24423,2026-02-09 05:00:00+00:00,15.0
24423,2026-02-09 06:00:00+00:00,14.8
24423,2026-02-09 07:00:00+00:00,13.783333333333333
24423,2026-02-09 08:00:00+00:00,13.0
24423,2026-02-09 09:00:00+00:00,13.0
24423,2026-02-09 10:00:00+00:00,13.0
24424,2026-02-08 11:00:00+00:00,3.0
24424,2026-02-08 12:00:00+00:00,3.0
24424,2026-02-08 13:00:00+00:00,2.65
24424,2026-02-08 14:00:00+00:00,3.0
24424,2026-02-08 15:00:00+00:00,3.0
24424,2026-02-08 16:00:00+00:00,3.0
24424,2026-02-08 17:00:00+00:00,2.9
24424,2026-02-08 18:00:00+00:00,2.716666666666667
24424,2026-02-08 19:00:00+00:00,3.0
24424,2026-02-08 20:00:00+00:00,3.066666666666667
24424,2026-02-08 21:00:00+00:00,4.0
24424,2026-02-08 22:00:00+00:00,4.0
24424,2026-02-08 23:00:00+00:00,4.0
24424,2026-02-09 00:00:00+00:00,4.0
24424,2026-02-09 01:00:00+00:00,4.0
24424,2026-02-09 02:00:00+00:00,4.0
24424,2026-02-09 03:00:00+00:00,4.0
24424,2026-02-09 04:00:00+00:00,4.0
24424,2026-02-09 05:00:00+00:00,4.0
24424,2026-02-09 06:00:00+00:00,2.566666666666667
24424,2026-02-09 07:00:00+00:00,2.1333333333333333
24424,2026-02-09 08:00:00+00:00,3.0
24424,2026-02-09 09:00:00+00:00,3.0
24424,2026-02-09 10:00:00+00:00,3.3
24425,2026-02-08 11:00:00+00:00,4.0
24425,2026-02-08 12:00:00+00:00,4.0
24425,2026-02-08 13:00:00+00:00,4.0
24425,2026-02-08 14:00:00+00:00,4.0
24425,2026-02-08 15:00:00+00:00,4.0
24425,2026-02-08 16:00:00+00:00,4.0
24425,2026-02-08 17:00:00+00:00,4.0
24425,2026-02-08 18:00:00+00:00,4.0
24425,2026-02-08 19:00:00+00:00,4.0
24425,2026-02-08 20:00:00+00:00,4.0
24425,2026-02-08 21:00:00+00:00,4.0
24425,2026-02-08 22:00:00+00:00,4.0
24425,2026-02-08 23:00:00+00:00,4.0
24425,2026-02-09 00:00:00+00:00,4.0
24425,2026-02-09 01:00:00+00:00,4.0
24425,2026-02-09 02:00:00+00:00,4.0
24425,2026-02-09 03:00:00+00:00,4.0
24425,2026-02-09 04:00:00+00:00,4.0
24425,2026-02-09 05:00:00+00:00,4.0
24425,2026-02-09 06:00:00+00:00,4.0
24425,2026-02-09 07:00:00+00:00,4.0
24425,2026-02-09 08:00:00+00:00,4.0
24425,2026-02-09 09:00:00+00:00,4.0
24425,2026-02-09 10:00:00+00:00,4.0
24426,2026-02-08 11:00:00+00:00,7.0
24426,2026-02-08 12:00:00+00:00,7.0
24426,2026-02-08 13:00:00+00:00,7.0
24426,2026-02-08 14:00:00+00:00,7.733333333333333
24426,2026-02-08 15:00:00+00:00,8.0
24426,2026-02-08 16:00:00+00:00,8.0
24426,2026-02-08 17:00:00+00:00,8.0
24426,2026-02-08 18:00:00+00:00,8.0
24426,2026-02-08 19:00:00+00:00,7.75
24426,2026-02-08 20:00:00+00:00,7.0
24426,2026-02-08 21:00:00+00:00,7.0
24426,2026-02-08 22:00:00+00:00,7.0
24426,2026-02-08 23:00:00+00:00,7.0
24426,2026-02-09 00:00:00+00:00,7.0
24426,2026-02-09 01:00:00+00:00,7.0
24426,2026-02-09 02:00:00+00:00,7.0
24426,2026-02-09 03:00:00+00:00,7.0
24426,2026-02-09 04:00:00+00:00,7.0
24426,2026-02-09 05:00:00+00:00,7.0
24426,2026-02-09 06:00:00+00:00,7.0
24426,2026-02-09 07:00:00+00:00,7.0
24426,2026-02-09 08:00:00+00:00,7.0
24426,2026-02-09 09:00:00+00:00,7.0
24426,2026-02-09 10:00:00+00:00,7.0
24427,2026-02-08 11:00:00+00:00,11.0
24427,2026-02-08 12:00:00+00:00,10.683333333333334
24427,2026-02-08 13:00:00+00:00,10.483333333333333
24427,2026-02-08 14:00:00+00:00,9.0
24427,2026-02-08 15:00:00+00:00,9.0
24427,2026-02-08 16:00:00+00:00,9.0
24427,2026-02-08 17:00:00+00:00,9.0
24427,2026-02-08 18:00:00+00:00,9.0
24427,2026-02-08 19:00:00+00:00,9.033333333333333
24427,2026-02-08 20:00:00+00:00,11.983333333333333
24427,2026-02-08 21:00:00+00:00,12.383333333333333
24427,2026-02-08 22:00:00+00:00,13.0
24427,2026-02-08 23:00:00+00:00,13.0
24427,2026-02-09 00:00:00+00:00,13.0
24427,2026-02-09 01:00:00+00:00,13.0
24427,2026-02-09 02:00:00+00:00,13.0
24427,2026-02-09 03:00:00+00:00,13.0
24427,2026-02-09 04:00:00+00:00,13.0
24427,2026-02-09 05:00:00+00:00,13.183333333333334
24427,2026-02-09 06:00:00+00:00,12.983333333333333
24427,2026-02-09 07:00:00+00:00,10.016666666666667
24427,2026-02-09 08:00:00+00:00,9.333333333333334
24427,2026-02-09 09:00:00+00:00,8.0
24427,2026-02-09 10:00:00+00:00,8.1
24428,2026-02-08 11:00:00+00:00,4.0
24428,2026-02-08 12:00:00+00:00,4.0
24428,2026-02-08 13:00:00+00:00,4.0
24428,2026-02-08 14:00:00+00:00,4.0
24428,2026-02-08 15:00:00+00:00,4.0
24428,2026-02-08 16:00:00+00:00,4.0
24428,2026-02-08 17:00:00+00:00,4.0
24428,2026-02-08 18:00:00+00:00,4.0
24428,2026-02-08 19:00:00+00:00,4.0
24428,2026-02-08 20:00:00+00:00,4.0
24428,2026-02-08 21:00:00+00:00,4.0
24428,2026-02-08 22:00:00+00:00,4.0
24428,2026-02-08 23:00:00+00:00,4.0
24428,2026-02-09 00:00:00+00:00,4.0
24428,2026-02-09 01:00:00+00:00,4.0
24428,2026-02-09 02:00:00+00:00,4.0
24428,2026-02-09 03:00:00+00:00,4.0
24428,2026-02-09 04:00:00+00:00,4.0
24428,2026-02-09 05:00:00+00:00,4.0
24428,2026-02-09 06:00:00+00:00,4.0
24428,2026-02-09 07:00:00+00:00,4.733333333333333
24428,2026-02-09 08:00:00+00:00,5.0
24428,2026-02-09 09:00:00+00:00,5.0
24428,2026-02-09 10:00:00+00:00,5.0
24430,2026-02-08 11:00:00+00:00,3.0
24430,2026-02-08 12:00:00+00:00,3.0
24430,2026-02-08 13:00:00+00:00,3.0166666666666666
24430,2026-02-08 14:00:00+00:00,3.0
24430,2026-02-08 15:00:00+00:00,3.0
24430,2026-02-08 16:00:00+00:00,3.0
24430,2026-02-08 17:00:00+00:00,3.0
24430,2026-02-08 18:00:00+00:00,3.0
24430,2026-02-08 19:00:00+00:00,2.7666666666666666
24430,2026-02-08 20:00:00+00:00,1.0
24430,2026-02-08 21:00:00+00:00,1.0
24430,2026-02-08 22:00:00+00:00,1.0
24430,2026-02-08 23:00:00+00:00,1.0
24430,2026-02-09 00:00:00+00:00,0.9272727272727272
24430,2026-02-09 01:00:00+00:00,0.6833333333333333
24430,2026-02-09 02:00:00+00:00,1.0
24430,2026-02-09 03:00:00+00:00,1.0
24430,2026-02-09 04:00:00+00:00,1.0
24430,2026-02-09 05:00:00+00:00,1.0
24430,2026-02-09 06:00:00+00:00,1.0
24430,2026-02-09 07:00:00+00:00,1.8833333333333333
24430,2026-02-09 08:00:00+00:00,1.9
24430,2026-02-09 09:00:00+00:00,3.0
24430,2026-02-09 10:00:00+00:00,2.35
24431,2026-02-08 11:00:00+00:00,4.0
24431,2026-02-08 12:00:00+00:00,4.0
24431,2026-02-08 13:00:00+00:00,4.0
24431,2026-02-08 14:00:00+00:00,4.0
24431,2026-02-08 15:00:00+00:00,4.0
24431,2026-02-08 16:00:00+00:00,4.0
24431,2026-02-08 17:00:00+00:00,4.0
24431,2026-02-08 18:00:00+00:00,4.0
24431,2026-02-08 19:00:00+00:00,4.0
24431,2026-02-08 20:00:00+00:00,4.0
24431,2026-02-08 21:00:00+00:00,4.0
24431,2026-02-08 22:00:00+00:00,4.0
24431,2026-02-08 23:00:00+00:00,4.0
24431,2026-02-09 00:00:00+00:00,4.0
24431,2026-02-09 01:00:00+00:00,4.0
24431,2026-02-09 02:00:00+00:00,4.0
24431,2026-02-09 03:00:00+00:00,4.0
24431,2026-02-09 04:00:00+00:00,4.0
24431,2026-02-09 05:00:00+00:00,4.0
24431,2026-02-09 06:00:00+00:00,4.0
24431,2026-02-09 07:00:00+00:00,4.0
24431,2026-02-09 08:00:00+00:00,4.0
24431,2026-02-09 09:00:00+00:00,4.0
24431,2026-02-09 10:00:00+00:00,4.0
24432,2026-02-08 11:00:00+00:00,5.0
24432,2026-02-08 12:00:00+00:00,5.0
24432,2026-02-08 13:00:00+00:00,5.0
24432,2026-02-08 14:00:00+00:00,5.0
24432,2026-02-08 15:00:00+00:00,5.0
24432,2026-02-08 16:00:00+00:00,5.0
24432,2026-02-08 17:00:00+00:00,5.0
24432,2026-02-08 18:00:00+00:00,5.0
24432,2026-02-08 19:00:00+00:00,4.816666666666666
24432,2026-02-08 20:00:00+00:00,4.0
24432,2026-02-08 21:00:00+00:00,4.0
24432,2026-02-08 22:00:00+00:00,4.0
24432,2026-02-08 23:00:00+00:00,4.0
24432,2026-02-09 00:00:00+00:00,4.0
24432,2026-02-09 01:00:00+00:00,4.0
24432,2026-02-09 02:00:00+00:00,4.0
24432,2026-02-09 03:00:00+00:00,4.0
24432,2026-02-09 04:00:00+00:00,4.0
24432,2026-02-09 05:00:00+00:00,4.0
24432,2026-02-09 06:00:00+00:00,4.0
24432,2026-02-09 07:00:00+00:00,4.0
24432,2026-02-09 08:00:00+00:00,4.0
24432,2026-02-09 09:00:00+00:00,4.0
24432,2026-02-09 10:00:00+00:00,4.0
24433,2026-02-08 11:00:00+00:00,9.0
24433,2026-02-08 12:00:00+00:00,9.0
24433,2026-02-08 13:00:00+00:00,9.0
24433,2026-02-08 14:00:00+00:00,9.0
24433,2026-02-08 15:00:00+00:00,9.0
24433,2026-02-08 16:00:00+00:00,9.0
24433,2026-02-08 17:00:00+00:00,9.0
24433,2026-02-08 18:00:00+00:00,9.0
24433,2026-02-08 19:00:00+00:00,9.0
24433,2026-02-08 20:00:00+00:00,9.0
24433,2026-02-08 21:00:00+00:00,8.55
24433,2026-02-08 22:00:00+00:00,8.0
24433,2026-02-08 23:00:00+00:00,8.0
24433,2026-02-09 00:00:00+00:00,8.0
24433,2026-02-09 01:00:00+00:00,8.0
24433,2026-02-09 02:00:00+00:00,8.0
24433,2026-02-09 03:00:00+00:00,8.0
24433,2026-02-09 04:00:00+00:00,8.0
24433,2026-02-09 05:00:00+00:00,8.0
24433,2026-02-09 06:00:00+00:00,8.0
24433,2026-02-09 07:00:00+00:00,8.0
24433,2026-02-09 08:00:00+00:00,8.0
24433,2026-02-09 09:00:00+00:00,8.0
24433,2026-02-09 10:00:00+00:00,8.0
24434,2026-02-08 11:00:00+00:00,1.0
24434,2026-02-08 12:00:00+00:00,1.0
24434,2026-02-08 13:00:00+00:00,1.0
24434,2026-02-08 14:00:00+00:00,1.0
24434,2026-02-08 15:00:00+00:00,1.0
24434,2026-02-08 16:00:00+00:00,1.0
24434,2026-02-08 17:00:00+00:00,1.0
24434,2026-02-08 18:00:00+00:00,1.0
24434,2026-02-08 19:00:00+00:00,1.0
24434,2026-02-08 20:00:00+00:00,1.0
24434,2026-02-08 21:00:00+00:00,1.0
24434,2026-02-08 22:00:00+00:00,1.0
24434,2026-02-08 23:00:00+00:00,1.0
24434,2026-02-09 00:00:00+00:00,1.0
24434,2026-02-09 01:00:00+00:00,1.0
24434,2026-02-09 02:00:00+00:00,1.0
24434,2026-02-09 03:00:00+00:00,1.0
24434,2026-02-09 04:00:00+00:00,1.0
24434,2026-02-09 05:00:00+00:00,0.43333333333333335
24434,2026-02-09 06:00:00+00:00,0.45
24434,2026-02-09 07:00:00+00:00,1.0
24434,2026-02-09 08:00:00+00:00,1.0
24434,2026-02-09 09:00:00+00:00,1.0
24434,2026-02-09 10:00:00+00:00,1.0
24435,2026-02-08 11:00:00+00:00,0.0
24435,2026-02-08 12:00:00+00:00,0.0
24435,2026-02-08 13:00:00+00:00,0.0
24435,2026-02-08 14:00:00+00:00,0.0
24435,2026-02-08 15:00:00+00:00,0.0
24435,2026-02-08 16:00:00+00:00,0.0
24435,2026-02-08 17:00:00+00:00,0.0
24435,2026-02-08 18:00:00+00:00,0.0
24435,2026-02-08 19:00:00+00:00,0.016666666666666666
24435,2026-02-08 20:00:00+00:00,1.0
24435,2026-02-08 21:00:00+00:00,1.0
24435,2026-02-08 22:00:00+00:00,1.0
24435,2026-02-08 23:00:00+00:00,1.0
24435,2026-02-09 00:00:00+00:00,1.0
24435,2026-02-09 01:00:00+00:00,1.0
24435,2026-02-09 02:00:00+00:00,1.0
24435,2026-02-09 03:00:00+00:00,1.0
24435,2026-02-09 04:00:00+00:00,1.0
24435,2026-02-09 05:00:00+00:00,1.0
24435,2026-02-09 06:00:00+00:00,1.0666666666666667
24435,2026-02-09 07:00:00+00:00,2.0
24435,2026-02-09 08:00:00+00:00,2.0
24435,2026-02-09 09:00:00+00:00,2.0
24435,2026-02-09 10:00:00+00:00,2.0
24436,2026-02-08 11:00:00+00:00,4.0
24436,2026-02-08 12:00:00+00:00,4.1
24436,2026-02-08 13:00:00+00:00,3.0
24436,2026-02-08 14:00:00+00:00,2.9833333333333334
24436,2026-02-08 15:00:00+00:00,3.9
24436,2026-02-08 16:00:00+00:00,4.0
24436,2026-02-08 17:00:00+00:00,4.766666666666667
24436,2026-02-08 18:00:00+00:00,4.0
24436,2026-02-08 19:00:00+00:00,4.0
24436,2026-02-08 20:00:00+00:00,4.0
24436,2026-02-08 21:00:00+00:00,3.5
24436,2026-02-08 22:00:00+00:00,2.0
24436,2026-02-08 23:00:00+00:00,2.0
24436,2026-02-09 00:00:00+00:00,2.0
24436,2026-02-09 01:00:00+00:00,2.0
24436,2026-02-09 02:00:00+00:00,2.0
24436,2026-02-09 03:00:00+00:00,2.0
24436,2026-02-09 04:00:00+00:00,2.0
24436,2026-02-09 05:00:00+00:00,2.0
24436,2026-02-09 06:00:00+00:00,1.0833333333333333
24436,2026-02-09 07:00:00+00:00,2.3333333333333335
24436,2026-02-09 08:00:00+00:00,3.7
24436,2026-02-09 09:00:00+00:00,6.0
24436,2026-02-09 10:00:00+00:00,6.616666666666667
24437,2026-02-08 11:00:00+00:00,1.0
24437,2026-02-08 12:00:00+00:00,1.0
24437,2026-02-08 13:00:00+00:00,1.0
24437,2026-02-08 14:00:00+00:00,1.0
24437,2026-02-08 15:00:00+00:00,1.0
24437,2026-02-08 16:00:00+00:00,1.0
24437,2026-02-08 17:00:00+00:00,1.0
24437,2026-02-08 18:00:00+00:00,1.0
24437,2026-02-08 19:00:00+00:00,1.0
24437,2026-02-08 20:00:00+00:00,1.0
24437,2026-02-08 21:00:00+00:00,1.0
24437,2026-02-08 22:00:00+00:00,1.0
24437,2026-02-08 23:00:00+00:00,1.0
24437,2026-02-09 00:00:00+00:00,1.0
24437,2026-02-09 01:00:00+00:00,1.0
24437,2026-02-09 02:00:00+00:00,1.0
24437,2026-02-09 03:00:00+00:00,1.0
24437,2026-02-09 04:00:00+00:00,1.0
24437,2026-02-09 05:00:00+00:00,1.0
24437,2026-02-09 06:00:00+00:00,1.0
24437,2026-02-09 07:00:00+00:00,1.0
24437,2026-02-09 08:00:00+00:00,0.35
24437,2026-02-09 09:00:00+00:00,0.0
24437,2026-02-09 10:00:00+00:00,0.43333333333333335
24438,2026-02-08 11:00:00+00:00,10.0
24438,2026-02-08 12:00:00+00:00,10.0
24438,2026-02-08 13:00:00+00:00,10.0
24438,2026-02-08 14:00:00+00:00,10.0
24438,2026-02-08 15:00:00+00:00,10.0
24438,2026-02-08 16:00:00+00:00,10.0
24438,2026-02-08 17:00:00+00:00,10.0
24438,2026-02-08 18:00:00+00:00,10.0
24438,2026-02-08 19:00:00+00:00,10.0
24438,2026-02-08 20:00:00+00:00,10.0
24438,2026-02-08 21:00:00+00:00,10.0
24438,2026-02-08 22:00:00+00:00,10.0
24438,2026-02-08 23:00:00+00:00,10.0
24438,2026-02-09 00:00:00+00:00,10.0
24438,2026-02-09 01:00:00+00:00,10.0
24438,2026-02-09 02:00:00+00:00,10.0
24438,2026-02-09 03:00:00+00:00,10.0
24438,2026-02-09 04:00:00+00:00,10.0
24438,2026-02-09 05:00:00+00:00,10.0
24438,2026-02-09 06:00:00+00:00,10.0
24438,2026-02-09 07:00:00+00:00,9.983333333333333
24438,2026-02-09 08:00:00+00:00,9.0
24438,2026-02-09 09:00:00+00:00,9.0
24438,2026-02-09 10:00:00+00:00,9.0
24439,2026-02-08 11:00:00+00:00,6.0
24439,2026-02-08 12:00:00+00:00,6.0
24439,2026-02-08 13:00:00+00:00,6.0
24439,2026-02-08 14:00:00+00:00,6.0
24439,2026-02-08 15:00:00+00:00,6.0
24439,2026-02-08 16:00:00+00:00,6.0
24439,2026-02-08 17:00:00+00:00,6.0
24439,2026-02-08 18:00:00+00:00,6.0
24439,2026-02-08 19:00:00+00:00,6.0
24439,2026-02-08 20:00:00+00:00,6.0
24439,2026-02-08 21:00:00+00:00,6.0
24439,2026-02-08 22:00:00+00:00,6.0
24439,2026-02-08 23:00:00+00:00,6.0
24439,2026-02-09 00:00:00+00:00,6.0
24439,2026-02-09 01:00:00+00:00,6.0
24439,2026-02-09 02:00:00+00:00,6.0
24439,2026-02-09 03:00:00+00:00,6.0
24439,2026-02-09 04:00:00+00:00,6.0
24439,2026-02-09 05:00:00+00:00,6.0
24439,2026-02-09 06:00:00+00:00,6.0
24439,2026-02-09 07:00:00+00:00,6.0
24439,2026-02-09 08:00:00+00:00,6.0
24439,2026-02-09 09:00:00+00:00,6.0
24439,2026-02-09 10:00:00+00:00,6.0
24440,2026-02-08 11:00:00+00:00,1.0
24440,2026-02-08 12:00:00+00:00,1.0
24440,2026-02-08 13:00:00+00:00,1.0
24440,2026-02-08 14:00:00+00:00,1.0
24440,2026-02-08 15:00:00+00:00,1.0
24440,2026-02-08 16:00:00+00:00,1.0
24440,2026-02-08 17:00:00+00:00,1.0
24440,2026-02-08 18:00:00+00:00,1.0
24440,2026-02-08 19:00:00+00:00,1.0
24440,2026-02-08 20:00:00+00:00,1.0
24440,2026-02-08 21:00:00+00:00,1.0
24440,2026-02-08 22:00:00+00:00,1.0
24440,2026-02-08 23:00:00+00:00,1.0
24440,2026-02-09 00:00:00+00:00,1.0
24440,2026-02-09 01:00:00+00:00,1.0
24440,2026-02-09 02:00:00+00:00,1.0
24440,2026-02-09 03:00:00+00:00,1.0
24440,2026-02-09 04:00:00+00:00,1.0
24440,2026-02-09 05:00:00+00:00,1.0
24440,2026-02-09 06:00:00+00:00,0.13333333333333333
24440,2026-02-09 07:00:00+00:00,0.0
24440,2026-02-09 08:00:00+00:00,0.0
24440,2026-02-09 09:00:00+00:00,0.0
24440,2026-02-09 10:00:00+00:00,0.0
24441,2026-02-08 11:00:00+00:00,2.0
24441,2026-02-08 12:00:00+00:00,2.0
24441,2026-02-08 13:00:00+00:00,2.0
24441,2026-02-08 14:00:00+00:00,2.0
24441,2026-02-08 15:00:00+00:00,2.0
24441,2026-02-08 16:00:00+00:00,2.0
24441,2026-02-08 17:00:00+00:00,2.0
24441,2026-02-08 18:00:00+00:00,2.0
24441,2026-02-08 19:00:00+00:00,2.0
24441,2026-02-08 20:00:00+00:00,2.0
24441,2026-02-08 21:00:00+00:00,2.0
24441,2026-02-08 22:00:00+00:00,2.0
24441,2026-02-08 23:00:00+00:00,2.0
24441,2026-02-09 00:00:00+00:00,2.0
24441,2026-02-09 01:00:00+00:00,2.0
24441,2026-02-09 02:00:00+00:00,2.0
24441,2026-02-09 03:00:00+00:00,2.0
24441,2026-02-09 04:00:00+00:00,2.0
24441,2026-02-09 05:00:00+00:00,2.0
24441,2026-02-09 06:00:00+00:00,1.55
24441,2026-02-09 07:00:00+00:00,1.0
24441,2026-02-09 08:00:00+00:00,0.1
24441,2026-02-09 09:00:00+00:00,0.0
24441,2026-02-09 10:00:00+00:00,0.0
24442,2026-02-08 11:00:00+00:00,5.0
24442,2026-02-08 12:00:00+00:00,5.0
24442,2026-02-08 13:00:00+00:00,5.0
24442,2026-02-08 14:00:00+00:00,5.0
24442,2026-02-08 15:00:00+00:00,5.0
24442,2026-02-08 16:00:00+00:00,3.683333333333333
24442,2026-02-08 17:00:00+00:00,3.5
24442,2026-02-08 18:00:00+00:00,5.0
24442,2026-02-08 19:00:00+00:00,5.0
24442,2026-02-08 20:00:00+00:00,5.0
24442,2026-02-08 21:00:00+00:00,5.0
24442,2026-02-08 22:00:00+00:00,5.0
24442,2026-02-08 23:00:00+00:00,5.0
24442,2026-02-09 00:00:00+00:00,5.0
24442,2026-02-09 01:00:00+00:00,5.0
24442,2026-02-09 02:00:00+00:00,5.0
24442,2026-02-09 03:00:00+00:00,5.0
24442,2026-02-09 04:00:00+00:00,5.0
24442,2026-02-09 05:00:00+00:00,5.0
24442,2026-02-09 06:00:00+00:00,5.0
24442,2026-02-09 07:00:00+00:00,5.0
24442,2026-02-09 08:00:00+00:00,5.0
24442,2026-02-09 09:00:00+00:00,5.0
24442,2026-02-09 10:00:00+00:00,5.0
24443,2026-02-08 11:00:00+00:00,6.0
24443,2026-02-08 12:00:00+00:00,6.0
24443,2026-02-08 13:00:00+00:00,6.0
24443,2026-02-08 14:00:00+00:00,6.0
24443,2026-02-08 15:00:00+00:00,6.0
24443,2026-02-08 16:00:00+00:00,6.0
24443,2026-02-08 17:00:00+00:00,6.0
24443,2026-02-08 18:00:00+00:00,6.0
24443,2026-02-08 19:00:00+00:00,6.0
24443,2026-02-08 20:00:00+00:00,6.0
24443,2026-02-08 21:00:00+00:00,6.0
24443,2026-02-08 22:00:00+00:00,6.0
24443,2026-02-08 23:00:00+00:00,6.0
24443,2026-02-09 00:00:00+00:00,6.0
24443,2026-02-09 01:00:00+00:00,6.0
24443,2026-02-09 02:00:00+00:00,6.0
24443,2026-02-09 03:00:00+00:00,6.0
24443,2026-02-09 04:00:00+00:00,6.0
24443,2026-02-09 05:00:00+00:00,5.383333333333333
24443,2026-02-09 06:00:00+00:00,5.0
24443,2026-02-09 07:00:00+00:00,5.0
24443,2026-02-09 08:00:00+00:00,4.683333333333334
24443,2026-02-09 09:00:00+00:00,4.0
24443,2026-02-09 10:00:00+00:00,4.0
24444,2026-02-08 11:00:00+00:00,1.0
24444,2026-02-08 12:00:00+00:00,1.0
24444,2026-02-08 13:00:00+00:00,1.0
24444,2026-02-08 14:00:00+00:00,1.0
24444,2026-02-08 15:00:00+00:00,1.0
24444,2026-02-08 16:00:00+00:00,1.0
24444,2026-02-08 17:00:00+00:00,1.0
24444,2026-02-08 18:00:00+00:00,1.0
24444,2026-02-08 19:00:00+00:00,1.0
24444,2026-02-08 20:00:00+00:00,1.0
24444,2026-02-08 21:00:00+00:00,1.0
24444,2026-02-08 22:00:00+00:00,1.0
24444,2026-02-08 23:00:00+00:00,1.0
24444,2026-02-09 00:00:00+00:00,1.0
24444,2026-02-09 01:00:00+00:00,1.0
24444,2026-02-09 02:00:00+00:00,1.0
24444,2026-02-09 03:00:00+00:00,1.0
24444,2026-02-09 04:00:00+00:00,1.0
24444,2026-02-09 05:00:00+00:00,1.0
24444,2026-02-09 06:00:00+00:00,1.0
24444,2026-02-09 07:00:00+00:00,1.0
24444,2026-02-09 08:00:00+00:00,1.0
24444,2026-02-09 09:00:00+00:00,1.0
24444,2026-02-09 10:00:00+00:00,1.0
24445,2026-02-08 11:00:00+00:00,11.0
24445,2026-02-08 12:00:00+00:00,11.0
24445,2026-02-08 13:00:00+00:00,11.0
24445,2026-02-08 14:00:00+00:00,11.0
24445,2026-02-08 15:00:00+00:00,11.0
24445,2026-02-08 16:00:00+00:00,11.0
24445,2026-02-08 17:00:00+00:00,11.0
24445,2026-02-08 18:00:00+00:00,11.0
24445,2026-02-08 19:00:00+00:00,11.0
24445,2026-02-08 20:00:00+00:00,11.0
24445,2026-02-08 21:00:00+00:00,11.0
24445,2026-02-08 22:00:00+00:00,11.0
24445,2026-02-08 23:00:00+00:00,11.0
24445,2026-02-09 00:00:00+00:00,11.0
24445,2026-02-09 01:00:00+00:00,11.0
24445,2026-02-09 02:00:00+00:00,11.0
24445,2026-02-09 03:00:00+00:00,11.0
24445,2026-02-09 04:00:00+00:00,11.0
24445,2026-02-09 05:00:00+00:00,11.0
24445,2026-02-09 06:00:00+00:00,11.0
24445,2026-02-09 07:00:00+00:00,11.0
24445,2026-02-09 08:00:00+00:00,11.0
24445,2026-02-09 09:00:00+00:00,11.0
24445,2026-02-09 10:00:00+00:00,11.0
24446,2026-02-08 11:00:00+00:00,3.0
24446,2026-02-08 12:00:00+00:00,3.0
24446,2026-02-08 13:00:00+00:00,3.0
24446,2026-02-08 14:00:00+00:00,3.0
24446,2026-02-08 15:00:00+00:00,3.0
24446,2026-02-08 16:00:00+00:00,3.0
24446,2026-02-08 17:00:00+00:00,3.0
24446,2026-02-08 18:00:00+00:00,3.0
24446,2026-02-08 19:00:00+00:00,3.0
24446,2026-02-08 20:00:00+00:00,3.0
24446,2026-02-08 21:00:00+00:00,3.0
24446,2026-02-08 22:00:00+00:00,3.0
24446,2026-02-08 23:00:00+00:00,3.0
24446,2026-02-09 00:00:00+00:00,3.0
24446,2026-02-09 01:00:00+00:00,3.0
24446,2026-02-09 02:00:00+00:00,3.0
24446,2026-02-09 03:00:00+00:00,3.0
24446,2026-02-09 04:00:00+00:00,3.0
24446,2026-02-09 05:00:00+00:00,3.0
24446,2026-02-09 06:00:00+00:00,3.0
24446,2026-02-09 07:00:00+00:00,3.0
24446,2026-02-09 08:00:00+00:00,3.0
24446,2026-02-09 09:00:00+00:00,3.0
24446,2026-02-09 10:00:00+00:00,3.0
24447,2026-02-08 11:00:00+00:00,3.7
24447,2026-02-08 12:00:00+00:00,3.0
24447,2026-02-08 13:00:00+00:00,3.0
24447,2026-02-08 14:00:00+00:00,3.0
24447,2026-02-08 15:00:00+00:00,3.0
24447,2026-02-08 16:00:00+00:00,3.0
24447,2026-02-08 17:00:00+00:00,3.0
24447,2026-02-08 18:00:00+00:00,2.75
24447,2026-02-08 19:00:00+00:00,2.0
24447,2026-02-08 20:00:00+00:00,2.0
24447,2026-02-08 21:00:00+00:00,2.0
24447,2026-02-08 22:00:00+00:00,2.0
24447,2026-02-08 23:00:00+00:00,2.0
24447,2026-02-09 00:00:00+00:00,2.7818181818181817
24447,2026-02-09 01:00:00+00:00,3.0
24447,2026-02-09 02:00:00+00:00,3.0
24447,2026-02-09 03:00:00+00:00,3.0
24447,2026-02-09 04:00:00+00:00,3.0
24447,2026-02-09 05:00:00+00:00,3.0
24447,2026-02-09 06:00:00+00:00,3.0
24447,2026-02-09 07:00:00+00:00,2.2666666666666666
24447,2026-02-09 08:00:00+00:00,2.0
24447,2026-02-09 09:00:00+00:00,2.0
24447,2026-02-09 10:00:00+00:00,2.0
24448,2026-02-08 11:00:00+00:00,2.0
24448,2026-02-08 12:00:00+00:00,2.0
24448,2026-02-08 13:00:00+00:00,2.0
24448,2026-02-08 14:00:00+00:00,2.0166666666666666
24448,2026-02-08 15:00:00+00:00,2.0
24448,2026-02-08 16:00:00+00:00,2.0
24448,2026-02-08 17:00:00+00:00,2.0
24448,2026-02-08 18:00:00+00:00,2.0
24448,2026-02-08 19:00:00+00:00,2.0
24448,2026-02-08 20:00:00+00:00,2.0
24448,2026-02-08 21:00:00+00:00,2.0
24448,2026-02-08 22:00:00+00:00,2.0
24448,2026-02-08 23:00:00+00:00,2.0
24448,2026-02-09 00:00:00+00:00,2.0
24448,2026-02-09 01:00:00+00:00,2.0
24448,2026-02-09 02:00:00+00:00,2.0
24448,2026-02-09 03:00:00+00:00,2.0833333333333335
24448,2026-02-09 04:00:00+00:00,3.0
24448,2026-02-09 05:00:00+00:00,3.0
24448,2026-02-09 06:00:00+00:00,3.566666666666667
24448,2026-02-09 07:00:00+00:00,4.0
24448,2026-02-09 08:00:00+00:00,4.0
24448,2026-02-09 09:00:00+00:00,4.0
24448,2026-02-09 10:00:00+00:00,4.0
24449,2026-02-08 11:00:00+00:00,1.0
24449,2026-02-08 12:00:00+00:00,1.0
24449,2026-02-08 13:00:00+00:00,1.0
24449,2026-02-08 14:00:00+00:00,1.0
24449,2026-02-08 15:00:00+00:00,0.6666666666666666
24449,2026-02-08 16:00:00+00:00,1.0
24449,2026-02-08 17:00:00+00:00,1.0
24449,2026-02-08 18:00:00+00:00,1.0
24449,2026-02-08 19:00:00+00:00,1.0
24449,2026-02-08 20:00:00+00:00,1.0
24449,2026-02-08 21:00:00+00:00,1.0
24449,2026-02-08 22:00:00+00:00,1.0
24449,2026-02-08 23:00:00+00:00,1.0
24449,2026-02-09 00:00:00+00:00,1.0
24449,2026-02-09 01:00:00+00:00,1.0
24449,2026-02-09 02:00:00+00:00,1.0
24449,2026-02-09 03:00:00+00:00,1.0
24449,2026-02-09 04:00:00+00:00,1.0
24449,2026-02-09 05:00:00+00:00,1.0
24449,2026-02-09 06:00:00+00:00,1.0
24449,2026-02-09 07:00:00+00:00,1.0
24449,2026-02-09 08:00:00+00:00,1.0
24449,2026-02-09 09:00:00+00:00,1.0
24449,2026-02-09 10:00:00+00:00,1.0
24450,2026-02-08 11:00:00+00:00,1.0
24450,2026-02-08 12:00:00+00:00,1.0
24450,2026-02-08 13:00:00+00:00,1.0
24450,2026-02-08 14:00:00+00:00,1.0
24450,2026-02-08 15:00:00+00:00,1.0
24450,2026-02-08 16:00:00+00:00,1.0
24450,2026-02-08 17:00:00+00:00,1.0
24450,2026-02-08 18:00:00+00:00,1.0
24450,2026-02-08 19:00:00+00:00,1.0
24450,2026-02-08 20:00:00+00:00,1.0
24450,2026-02-08 21:00:00+00:00,1.0
24450,2026-02-08 22:00:00+00:00,1.0
24450,2026-02-08 23:00:00+00:00,1.0
24450,2026-02-09 00:00:00+00:00,1.0
24450,2026-02-09 01:00:00+00:00,1.0
24450,2026-02-09 02:00:00+00:00,1.0
24450,2026-02-09 03:00:00+00:00,1.0
24450,2026-02-09 04:00:00+00:00,1.0
24450,2026-02-09 05:00:00+00:00,1.0
24450,2026-02-09 06:00:00+00:00,1.0
24450,2026-02-09 07:00:00+00:00,1.0
24450,2026-02-09 08:00:00+00:00,1.0
24450,2026-02-09 09:00:00+00:00,1.0
24450,2026-02-09 10:00:00+00:00,1.0
24451,2026-02-08 11:00:00+00:00,4.0
24451,2026-02-08 12:00:00+00:00,4.016666666666667
24451,2026-02-08 13:00:00+00:00,4.516666666666667
24451,2026-02-08 14:00:00+00:00,5.0
24451,2026-02-08 15:00:00+00:00,5.0
24451,2026-02-08 16:00:00+00:00,3.6333333333333333
24451,2026-02-08 17:00:00+00:00,3.0
24451,2026-02-08 18:00:00+00:00,3.0
24451,2026-02-08 19:00:00+00:00,3.0
24451,2026-02-08 20:00:00+00:00,2.4166666666666665
24451,2026-02-08 21:00:00+00:00,2.0
24451,2026-02-08 22:00:00+00:00,2.0
24451,2026-02-08 23:00:00+00:00,2.0
24451,2026-02-09 00:00:00+00:00,2.0
24451,2026-02-09 01:00:00+00:00,2.0
24451,2026-02-09 02:00:00+00:00,2.0
24451,2026-02-09 03:00:00+00:00,2.0
24451,2026-02-09 04:00:00+00:00,2.0
24451,2026-02-09 05:00:00+00:00,2.4833333333333334
24451,2026-02-09 06:00:00+00:00,1.4666666666666668
24451,2026-02-09 07:00:00+00:00,1.0
24451,2026-02-09 08:00:00+00:00,1.5333333333333332
24451,2026-02-09 09:00:00+00:00,2.0
24451,2026-02-09 10:00:00+00:00,2.0
24452,2026-02-08 11:00:00+00:00,0.0
24452,2026-02-08 12:00:00+00:00,0.0
24452,2026-02-08 13:00:00+00:00,0.0
24452,2026-02-08 14:00:00+00:00,0.0
24452,2026-02-08 15:00:00+00:00,0.0
24452,2026-02-08 16:00:00+00:00,0.0
24452,2026-02-08 17:00:00+00:00,0.0
24452,2026-02-08 18:00:00+00:00,0.0
24452,2026-02-08 19:00:00+00:00,0.0
24452,2026-02-08 20:00:00+00:00,0.0
24452,2026-02-08 21:00:00+00:00,0.0
24452,2026-02-08 22:00:00+00:00,0.0
24452,2026-02-08 23:00:00+00:00,0.0
24452,2026-02-09 00:00:00+00:00,0.0
24452,2026-02-09 01:00:00+00:00,0.0
24452,2026-02-09 02:00:00+00:00,0.0
24452,2026-02-09 03:00:00+00:00,0.0
24452,2026-02-09 04:00:00+00:00,0.0
24452,2026-02-09 05:00:00+00:00,0.0
24452,2026-02-09 06:00:00+00:00,0.21666666666666667
24452,2026-02-09 07:00:00+00:00,1.0
24452,2026-02-09 08:00:00+00:00,3.0
24452,2026-02-09 09:00:00+00:00,3.0
24452,2026-02-09 10:00:00+00:00,2.6666666666666665
24453,2026-02-08 11:00:00+00:00,3.0
24453,2026-02-08 12:00:00+00:00,3.0
24453,2026-02-08 13:00:00+00:00,2.6666666666666665
24453,2026-02-08 14:00:00+00:00,2.0
24453,2026-02-08 15:00:00+00:00,2.0
24453,2026-02-08 16:00:00+00:00,2.0
24453,2026-02-08 17:00:00+00:00,2.0
24453,2026-02-08 18:00:00+00:00,2.0
24453,2026-02-08 19:00:00+00:00,2.0
24453,2026-02-08 20:00:00+00:00,1.8666666666666667
24453,2026-02-08 21:00:00+00:00,1.0
24453,2026-02-08 22:00:00+00:00,1.0
24453,2026-02-08 23:00:00+00:00,1.0
24453,2026-02-09 00:00:00+00:00,1.0
24453,2026-02-09 01:00:00+00:00,1.0
24453,2026-02-09 02:00:00+00:00,1.0
24453,2026-02-09 03:00:00+00:00,1.0
24453,2026-02-09 04:00:00+00:00,1.0
24453,2026-02-09 05:00:00+00:00,0.8333333333333334
24453,2026-02-09 06:00:00+00:00,0.0
24453,2026-02-09 07:00:00+00:00,0.0
24453,2026-02-09 08:00:00+00:00,0.0
24453,2026-02-09 09:00:00+00:00,0.0
24453,2026-02-09 10:00:00+00:00,0.0
24454,2026-02-08 11:00:00+00:00,3.0
24454,2026-02-08 12:00:00+00:00,3.0
24454,2026-02-08 13:00:00+00:00,3.0
24454,2026-02-08 14:00:00+00:00,3.0
24454,2026-02-08 15:00:00+00:00,3.0
24454,2026-02-08 16:00:00+00:00,3.0
24454,2026-02-08 17:00:00+00:00,3.0
24454,2026-02-08 18:00:00+00:00,3.0
24454,2026-02-08 19:00:00+00:00,3.0
24454,2026-02-08 20:00:00+00:00,3.0
24454,2026-02-08 21:00:00+00:00,3.0
24454,2026-02-08 22:00:00+00:00,3.0
24454,2026-02-08 23:00:00+00:00,3.0
24454,2026-02-09 00:00:00+00:00,3.0
24454,2026-02-09 01:00:00+00:00,3.0
24454,2026-02-09 02:00:00+00:00,3.0
24454,2026-02-09 03:00:00+00:00,3.0
24454,2026-02-09 04:00:00+00:00,3.0
24454,2026-02-09 05:00:00+00:00,3.0
24454,2026-02-09 06:00:00+00:00,3.0
24454,2026-02-09 07:00:00+00:00,3.0
24454,2026-02-09 08:00:00+00:00,3.0
24454,2026-02-09 09:00:00+00:00,3.0
24454,2026-02-09 10:00:00+00:00,3.0
24455,2026-02-08 11:00:00+00:00,3.0
24455,2026-02-08 12:00:00+00:00,3.0
24455,2026-02-08 13:00:00+00:00,3.0
24455,2026-02-08 14:00:00+00:00,3.0
24455,2026-02-08 15:00:00+00:00,3.0
24455,2026-02-08 16:00:00+00:00,3.0
24455,2026-02-08 17:00:00+00:00,3.0
24455,2026-02-08 18:00:00+00:00,3.0
24455,2026-02-08 19:00:00+00:00,3.0
24455,2026-02-08 20:00:00+00:00,2.1666666666666665
24455,2026-02-08 21:00:00+00:00,2.0
24455,2026-02-08 22:00:00+00:00,2.0
24455,2026-02-08 23:00:00+00:00,2.0
24455,2026-02-09 00:00:00+00:00,2.0
24455,2026-02-09 01:00:00+00:00,2.0
24455,2026-02-09 02:00:00+00:00,2.0
24455,2026-02-09 03:00:00+00:00,2.0
24455,2026-02-09 04:00:00+00:00,2.0
24455,2026-02-09 05:00:00+00:00,2.0
24455,2026-02-09 06:00:00+00:00,2.0
24455,2026-02-09 07:00:00+00:00,2.0
24455,2026-02-09 08:00:00+00:00,2.0
24455,2026-02-09 09:00:00+00:00,2.0
24455,2026-02-09 10:00:00+00:00,2.0
24456,2026-02-08 11:00:00+00:00,6.0
24456,2026-02-08 12:00:00+00:00,6.0
24456,2026-02-08 13:00:00+00:00,6.0
24456,2026-02-08 14:00:00+00:00,6.0
24456,2026-02-08 15:00:00+00:00,6.0
24456,2026-02-08 16:00:00+00:00,6.0
24456,2026-02-08 17:00:00+00:00,6.0
24456,2026-02-08 18:00:00+00:00,6.0
24456,2026-02-08 19:00:00+00:00,6.0
24456,2026-02-08 20:00:00+00:00,6.0
24456,2026-02-08 21:00:00+00:00,6.0
24456,2026-02-08 22:00:00+00:00,6.0
24456,2026-02-08 23:00:00+00:00,6.0
24456,2026-02-09 00:00:00+00:00,6.0
24456,2026-02-09 01:00:00+00:00,6.0
24456,2026-02-09 02:00:00+00:00,6.0
24456,2026-02-09 03:00:00+00:00,6.0
24456,2026-02-09 04:00:00+00:00,6.0
24456,2026-02-09 05:00:00+00:00,6.85
24456,2026-02-09 06:00:00+00:00,8.6
24456,2026-02-09 07:00:00+00:00,9.0
24456,2026-02-09 08:00:00+00:00,9.0
24456,2026-02-09 09:00:00+00:00,9.0
24456,2026-02-09 10:00:00+00:00,9.0
24457,2026-02-08 11:00:00+00:00,4.15
24457,2026-02-08 12:00:00+00:00,3.7666666666666666
24457,2026-02-08 13:00:00+00:00,3.0
24457,2026-02-08 14:00:00+00:00,1.9333333333333333
24457,2026-02-08 15:00:00+00:00,1.0
24457,2026-02-08 16:00:00+00:00,1.8
24457,2026-02-08 17:00:00+00:00,2.0
24457,2026-02-08 18:00:00+00:00,2.0
24457,2026-02-08 19:00:00+00:00,2.0
24457,2026-02-08 20:00:00+00:00,2.0
24457,2026-02-08 21:00:00+00:00,0.7
24457,2026-02-08 22:00:00+00:00,0.0
24457,2026-02-08 23:00:00+00:00,0.0
24457,2026-02-09 00:00:00+00:00,0.0
24457,2026-02-09 01:00:00+00:00,0.0
24457,2026-02-09 02:00:00+00:00,0.0
24457,2026-02-09 03:00:00+00:00,0.0
24457,2026-02-09 04:00:00+00:00,0.0
24457,2026-02-09 05:00:00+00:00,0.0
24457,2026-02-09 06:00:00+00:00,0.6166666666666667
24457,2026-02-09 07:00:00+00:00,3.05
24457,2026-02-09 08:00:00+00:00,3.0
24457,2026-02-09 09:00:00+00:00,3.0
24457,2026-02-09 10:00:00+00:00,3.5166666666666666
24458,2026-02-08 11:00:00+00:00,0.0
24458,2026-02-08 12:00:00+00:00,0.0
24458,2026-02-08 13:00:00+00:00,0.0
24458,2026-02-08 14:00:00+00:00,0.0
24458,2026-02-08 15:00:00+00:00,0.0
24458,2026-02-08 16:00:00+00:00,0.0
24458,2026-02-08 17:00:00+00:00,0.0
24458,2026-02-08 18:00:00+00:00,0.0
24458,2026-02-08 19:00:00+00:00,0.0
24458,2026-02-08 20:00:00+00:00,0.0
24458,2026-02-08 21:00:00+00:00,0.0
24458,2026-02-08 22:00:00+00:00,0.0
24458,2026-02-08 23:00:00+00:00,0.0
24458,2026-02-09 00:00:00+00:00,0.0
24458,2026-02-09 01:00:00+00:00,0.0
24458,2026-02-09 02:00:00+00:00,0.0
24458,2026-02-09 03:00:00+00:00,0.0
24458,2026-02-09 04:00:00+00:00,0.0
24458,2026-02-09 05:00:00+00:00,0.0
24458,2026-02-09 06:00:00+00:00,0.0
24458,2026-02-09 07:00:00+00:00,0.0
24458,2026-02-09 08:00:00+00:00,0.0
24458,2026-02-09 09:00:00+00:00,0.0
24458,2026-02-09 10:00:00+00:00,0.0
24459,2026-02-08 11:00:00+00:00,14.0
24459,2026-02-08 12:00:00+00:00,14.0
24459,2026-02-08 13:00:00+00:00,14.0
24459,2026-02-08 14:00:00+00:00,14.0
24459,2026-02-08 15:00:00+00:00,14.0
24459,2026-02-08 16:00:00+00:00,14.0
24459,2026-02-08 17:00:00+00:00,14.0
24459,2026-02-08 18:00:00+00:00,14.0
24459,2026-02-08 19:00:00+00:00,13.916666666666666
24459,2026-02-08 20:00:00+00:00,13.0
24459,2026-02-08 21:00:00+00:00,13.0
24459,2026-02-08 22:00:00+00:00,13.0
24459,2026-02-08 23:00:00+00:00,13.0
24459,2026-02-09 00:00:00+00:00,13.0
24459,2026-02-09 01:00:00+00:00,13.0
24459,2026-02-09 02:00:00+00:00,13.0
24459,2026-02-09 03:00:00+00:00,13.0
24459,2026-02-09 04:00:00+00:00,13.0
24459,2026-02-09 05:00:00+00:00,13.0
24459,2026-02-09 06:00:00+00:00,13.0
24459,2026-02-09 07:00:00+00:00,13.0
24459,2026-02-09 08:00:00+00:00,13.583333333333334
24459,2026-02-09 09:00:00+00:00,14.0
24459,2026-02-09 10:00:00+00:00,13.5
24460,2026-02-08 11:00:00+00:00,0.0
24460,2026-02-08 12:00:00+00:00,0.0
24460,2026-02-08 13:00:00+00:00,0.9833333333333333
24460,2026-02-08 14:00:00+00:00,1.0
24460,2026-02-08 15:00:00+00:00,1.25
24460,2026-02-08 16:00:00+00:00,2.0
24460,2026-02-08 17:00:00+00:00,2.0
24460,2026-02-08 18:00:00+00:00,2.0
24460,2026-02-08 19:00:00+00:00,1.8
24460,2026-02-08 20:00:00+00:00,1.0
24460,2026-02-08 21:00:00+00:00,1.0
24460,2026-02-08 22:00:00+00:00,1.0
24460,2026-02-08 23:00:00+00:00,1.0
24460,2026-02-09 00:00:00+00:00,1.0
24460,2026-02-09 01:00:00+00:00,1.0
24460,2026-02-09 02:00:00+00:00,1.0
24460,2026-02-09 03:00:00+00:00,1.0
24460,2026-02-09 04:00:00+00:00,1.0
24460,2026-02-09 05:00:00+00:00,1.0
24460,2026-02-09 06:00:00+00:00,1.0
24460,2026-02-09 07:00:00+00:00,1.0
24460,2026-02-09 08:00:00+00:00,1.0
24460,2026-02-09 09:00:00+00:00,1.0
24460,2026-02-09 10:00:00+00:00,1.0
24461,2026-02-08 11:00:00+00:00,8.0
24461,2026-02-08 12:00:00+00:00,8.0
24461,2026-02-08 13:00:00+00:00,8.0
24461,2026-02-08 14:00:00+00:00,8.0
24461,2026-02-08 15:00:00+00:00,8.0
24461,2026-02-08 16:00:00+00:00,8.0
24461,2026-02-08 17:00:00+00:00,8.0
24461,2026-02-08 18:00:00+00:00,8.0
24461,2026-02-08 19:00:00+00:00,8.0
24461,2026-02-08 20:00:00+00:00,8.0
24461,2026-02-08 21:00:00+00:00,8.0
24461,2026-02-08 22:00:00+00:00,8.0
24461,2026-02-08 23:00:00+00:00,8.0
24461,2026-02-09 00:00:00+00:00,8.0
24461,2026-02-09 01:00:00+00:00,8.0
24461,2026-02-09 02:00:00+00:00,8.0
24461,2026-02-09 03:00:00+00:00,8.0
24461,2026-02-09 04:00:00+00:00,8.0
24461,2026-02-09 05:00:00+00:00,8.0
24461,2026-02-09 06:00:00+00:00,8.0
24461,2026-02-09 07:00:00+00:00,8.916666666666666
24461,2026-02-09 08:00:00+00:00,9.0
24461,2026-02-09 09:00:00+00:00,9.0
24461,2026-02-09 10:00:00+00:00,9.0
24462,2026-02-08 11:00:00+00:00,0.0
24462,2026-02-08 12:00:00+00:00,0.0
24462,2026-02-08 13:00:00+00:00,0.11666666666666667
24462,2026-02-08 14:00:00+00:00,1.0
24462,2026-02-08 15:00:00+00:00,1.0
24462,2026-02-08 16:00:00+00:00,1.0
24462,2026-02-08 17:00:00+00:00,1.0
24462,2026-02-08 18:00:00+00:00,1.0
24462,2026-02-08 19:00:00+00:00,1.0
24462,2026-02-08 20:00:00+00:00,1.0
24462,2026-02-08 21:00:00+00:00,1.0
24462,2026-02-08 22:00:00+00:00,1.0
24462,2026-02-08 23:00:00+00:00,1.0
24462,2026-02-09 00:00:00+00:00,1.0
24462,2026-02-09 01:00:00+00:00,1.0
24462,2026-02-09 02:00:00+00:00,1.0
24462,2026-02-09 03:00:00+00:00,1.0
24462,2026-02-09 04:00:00+00:00,1.0
24462,2026-02-09 05:00:00+00:00,1.0
24462,2026-02-09 06:00:00+00:00,1.0
24462,2026-02-09 07:00:00+00:00,1.0
24462,2026-02-09 08:00:00+00:00,1.0
24462,2026-02-09 09:00:00+00:00,1.0
24462,2026-02-09 10:00:00+00:00,1.0
24463,2026-02-08 11:00:00+00:00,5.0
24463,2026-02-08 12:00:00+00:00,5.0
24463,2026-02-08 13:00:00+00:00,4.3
24463,2026-02-08 14:00:00+00:00,4.0
24463,2026-02-08 15:00:00+00:00,4.0
24463,2026-02-08 16:00:00+00:00,4.0
24463,2026-02-08 17:00:00+00:00,4.0
24463,2026-02-08 18:00:00+00:00,4.0
24463,2026-02-08 19:00:00+00:00,4.0
24463,2026-02-08 20:00:00+00:00,4.0
24463,2026-02-08 21:00:00+00:00,4.0
24463,2026-02-08 22:00:00+00:00,4.0
24463,2026-02-08 23:00:00+00:00,4.0
24463,2026-02-09 00:00:00+00:00,4.0
24463,2026-02-09 01:00:00+00:00,4.0
24463,2026-02-09 02:00:00+00:00,4.0
24463,2026-02-09 03:00:00+00:00,4.0
24463,2026-02-09 04:00:00+00:00,4.0
24463,2026-02-09 05:00:00+00:00,4.0
24463,2026-02-09 06:00:00+00:00,4.0
24463,2026-02-09 07:00:00+00:00,4.0
24463,2026-02-09 08:00:00+00:00,4.0
24463,2026-02-09 09:00:00+00:00,4.0
24463,2026-02-09 10:00:00+00:00,4.0
24464,2026-02-08 11:00:00+00:00,10.0
24464,2026-02-08 12:00:00+00:00,10.0
24464,2026-02-08 13:00:00+00:00,10.0
24464,2026-02-08 14:00:00+00:00,10.0
24464,2026-02-08 15:00:00+00:00,10.0
24464,2026-02-08 16:00:00+00:00,10.0
24464,2026-02-08 17:00:00+00:00,10.0
24464,2026-02-08 18:00:00+00:00,10.0
24464,2026-02-08 19:00:00+00:00,10.0
24464,2026-02-08 20:00:00+00:00,10.0
24464,2026-02-08 21:00:00+00:00,10.0
24464,2026-02-08 22:00:00+00:00,10.0
24464,2026-02-08 23:00:00+00:00,10.0
24464,2026-02-09 00:00:00+00:00,10.0
24464,2026-02-09 01:00:00+00:00,10.0
24464,2026-02-09 02:00:00+00:00,10.0
24464,2026-02-09 03:00:00+00:00,10.0
24464,2026-02-09 04:00:00+00:00,10.0
24464,2026-02-09 05:00:00+00:00,10.0
24464,2026-02-09 06:00:00+00:00,10.0
24464,2026-02-09 07:00:00+00:00,10.0
24464,2026-02-09 08:00:00+00:00,10.0
24464,2026-02-09 09:00:00+00:00,10.0
24464,2026-02-09 10:00:00+00:00,9.816666666666666
24465,2026-02-08 11:00:00+00:00,3.4833333333333334
24465,2026-02-08 12:00:00+00:00,2.6
24465,2026-02-08 13:00:00+00:00,1.85
24465,2026-02-08 14:00:00+00:00,1.2666666666666666
24465,2026-02-08 15:00:00+00:00,2.1666666666666665
24465,2026-02-08 16:00:00+00:00,4.233333333333333
24465,2026-02-08 17:00:00+00:00,3.1166666666666667
24465,2026-02-08 18:00:00+00:00,0.11666666666666667
24465,2026-02-08 19:00:00+00:00,0.5166666666666667
24465,2026-02-08 20:00:00+00:00,0.06666666666666667
24465,2026-02-08 21:00:00+00:00,0.0
24465,2026-02-08 22:00:00+00:00,0.0
24465,2026-02-08 23:00:00+00:00,0.0
24465,2026-02-09 00:00:00+00:00,0.0
24465,2026-02-09 01:00:00+00:00,0.0
24465,2026-02-09 02:00:00+00:00,0.0
24465,2026-02-09 03:00:00+00:00,0.0
24465,2026-02-09 04:00:00+00:00,0.25
24465,2026-02-09 05:00:00+00:00,1.75
24465,2026-02-09 06:00:00+00:00,2.0166666666666666
24465,2026-02-09 07:00:00+00:00,4.0
24465,2026-02-09 08:00:00+00:00,3.7
24465,2026-02-09 09:00:00+00:00,2.6666666666666665
24465,2026-02-09 10:00:00+00:00,1.1166666666666667
24466,2026-02-08 11:00:00+00:00,0.6666666666666666
24466,2026-02-08 12:00:00+00:00,0.016666666666666666
24466,2026-02-08 13:00:00+00:00,0.0
24466,2026-02-08 14:00:00+00:00,0.0
24466,2026-02-08 15:00:00+00:00,0.9666666666666667
24466,2026-02-08 16:00:00+00:00,1.0
24466,2026-02-08 17:00:00+00:00,1.0
24466,2026-02-08 18:00:00+00:00,1.0
24466,2026-02-08 19:00:00+00:00,1.0
24466,2026-02-08 20:00:00+00:00,1.0
24466,2026-02-08 21:00:00+00:00,1.1666666666666667
24466,2026-02-08 22:00:00+00:00,2.0
24466,2026-02-08 23:00:00+00:00,2.0
24466,2026-02-09 00:00:00+00:00,2.0
24466,2026-02-09 01:00:00+00:00,2.0
24466,2026-02-09 02:00:00+00:00,2.0
24466,2026-02-09 03:00:00+00:00,2.0
24466,2026-02-09 04:00:00+00:00,2.0
24466,2026-02-09 05:00:00+00:00,1.1166666666666667
24466,2026-02-09 06:00:00+00:00,0.6333333333333333
24466,2026-02-09 07:00:00+00:00,1.0
24466,2026-02-09 08:00:00+00:00,1.0
24466,2026-02-09 09:00:00+00:00,1.0
24466,2026-02-09 10:00:00+00:00,1.0
24467,2026-02-08 11:00:00+00:00,6.366666666666667
24467,2026-02-08 12:00:00+00:00,6.1
24467,2026-02-08 13:00:00+00:00,6.0
24467,2026-02-08 14:00:00+00:00,6.0
24467,2026-02-08 15:00:00+00:00,6.0
24467,2026-02-08 16:00:00+00:00,6.0
24467,2026-02-08 17:00:00+00:00,6.0
24467,2026-02-08 18:00:00+00:00,6.0
24467,2026-02-08 19:00:00+00:00,5.55
24467,2026-02-08 20:00:00+00:00,4.066666666666666
24467,2026-02-08 21:00:00+00:00,4.0
24467,2026-02-08 22:00:00+00:00,4.0
24467,2026-02-08 23:00:00+00:00,4.0
24467,2026-02-09 00:00:00+00:00,4.0
24467,2026-02-09 01:00:00+00:00,4.0
24467,2026-02-09 02:00:00+00:00,4.0
24467,2026-02-09 03:00:00+00:00,4.0
24467,2026-02-09 04:00:00+00:00,4.6
24467,2026-02-09 05:00:00+00:00,6.0
24467,2026-02-09 06:00:00+00:00,5.3
24467,2026-02-09 07:00:00+00:00,4.566666666666666
24467,2026-02-09 08:00:00+00:00,5.0
24467,2026-02-09 09:00:00+00:00,5.0
24467,2026-02-09 10:00:00+00:00,5.0
24468,2026-02-08 11:00:00+00:00,3.0
24468,2026-02-08 12:00:00+00:00,3.0
24468,2026-02-08 13:00:00+00:00,3.0
24468,2026-02-08 14:00:00+00:00,2.4833333333333334
24468,2026-02-08 15:00:00+00:00,2.0
24468,2026-02-08 16:00:00+00:00,2.0
24468,2026-02-08 17:00:00+00:00,2.0
24468,2026-02-08 18:00:00+00:00,2.0
24468,2026-02-08 19:00:00+00:00,2.0
24468,2026-02-08 20:00:00+00:00,2.0
24468,2026-02-08 21:00:00+00:00,2.0
24468,2026-02-08 22:00:00+00:00,2.0
24468,2026-02-08 23:00:00+00:00,2.0
24468,2026-02-09 00:00:00+00:00,2.0
24468,2026-02-09 01:00:00+00:00,2.0
24468,2026-02-09 02:00:00+00:00,2.0
24468,2026-02-09 03:00:00+00:00,2.0
24468,2026-02-09 04:00:00+00:00,2.0
24468,2026-02-09 05:00:00+00:00,2.0
24468,2026-02-09 06:00:00+00:00,2.0
24468,2026-02-09 07:00:00+00:00,2.0
24468,2026-02-09 08:00:00+00:00,2.0
24468,2026-02-09 09:00:00+00:00,2.0
24468,2026-02-09 10:00:00+00:00,2.0
24469,2026-02-08 11:00:00+00:00,10.0
24469,2026-02-08 12:00:00+00:00,10.0
24469,2026-02-08 13:00:00+00:00,10.0
24469,2026-02-08 14:00:00+00:00,10.0
24469,2026-02-08 15:00:00+00:00,10.0
24469,2026-02-08 16:00:00+00:00,10.0
24469,2026-02-08 17:00:00+00:00,10.0
24469,2026-02-08 18:00:00+00:00,10.0
24469,2026-02-08 19:00:00+00:00,10.0
24469,2026-02-08 20:00:00+00:00,10.0
24469,2026-02-08 21:00:00+00:00,10.0
24469,2026-02-08 22:00:00+00:00,10.0
24469,2026-02-08 23:00:00+00:00,10.0
24469,2026-02-09 00:00:00+00:00,10.0
24469,2026-02-09 01:00:00+00:00,10.0
24469,2026-02-09 02:00:00+00:00,10.0
24469,2026-02-09 03:00:00+00:00,10.0
24469,2026-02-09 04:00:00+00:00,10.0
24469,2026-02-09 05:00:00+00:00,10.0
24469,2026-02-09 06:00:00+00:00,10.0
24469,2026-02-09 07:00:00+00:00,10.0
24469,2026-02-09 08:00:00+00:00,10.466666666666667
24469,2026-02-09 09:00:00+00:00,11.0
24469,2026-02-09 10:00:00+00:00,11.0
24470,2026-02-08 11:00:00+00:00,10.0
24470,2026-02-08 12:00:00+00:00,10.0
24470,2026-02-08 13:00:00+00:00,10.0
24470,2026-02-08 14:00:00+00:00,10.0
24470,2026-02-08 15:00:00+00:00,10.0
24470,2026-02-08 16:00:00+00:00,10.0
24470,2026-02-08 17:00:00+00:00,10.0
24470,2026-02-08 18:00:00+00:00,10.0
24470,2026-02-08 19:00:00+00:00,10.0
24470,2026-02-08 20:00:00+00:00,10.0
24470,2026-02-08 21:00:00+00:00,10.0
24470,2026-02-08 22:00:00+00:00,10.0
24470,2026-02-08 23:00:00+00:00,10.0
24470,2026-02-09 00:00:00+00:00,10.0
24470,2026-02-09 01:00:00+00:00,10.0
24470,2026-02-09 02:00:00+00:00,10.0
24470,2026-02-09 03:00:00+00:00,10.0
24470,2026-02-09 04:00:00+00:00,10.0
24470,2026-02-09 05:00:00+00:00,10.0
24470,2026-02-09 06:00:00+00:00,10.0
24470,2026-02-09 07:00:00+00:00,10.0
24470,2026-02-09 08:00:00+00:00,10.0
24470,2026-02-09 09:00:00+00:00,10.0
24470,2026-02-09 10:00:00+00:00,10.0
24471,2026-02-08 11:00:00+00:00,1.6666666666666667
24471,2026-02-08 12:00:00+00:00,1.0
24471,2026-02-08 13:00:00+00:00,0.5
24471,2026-02-08 14:00:00+00:00,0.0
24471,2026-02-08 15:00:00+00:00,0.0
24471,2026-02-08 16:00:00+00:00,0.11666666666666667
24471,2026-02-08 17:00:00+00:00,0.0
24471,2026-02-08 18:00:00+00:00,0.95
24471,2026-02-08 19:00:00+00:00,1.1833333333333333
24471,2026-02-08 20:00:00+00:00,0.08333333333333333
24471,2026-02-08 21:00:00+00:00,0.0
24471,2026-02-08 22:00:00+00:00,0.36666666666666664
24471,2026-02-08 23:00:00+00:00,1.0
24471,2026-02-09 00:00:00+00:00,2.690909090909091
24471,2026-02-09 01:00:00+00:00,3.0
24471,2026-02-09 02:00:00+00:00,2.4833333333333334
24471,2026-02-09 03:00:00+00:00,2.0
24471,2026-02-09 04:00:00+00:00,2.066666666666667
24471,2026-02-09 05:00:00+00:00,1.8
24471,2026-02-09 06:00:00+00:00,0.9666666666666667
24471,2026-02-09 07:00:00+00:00,0.0
24471,2026-02-09 08:00:00+00:00,0.0
24471,2026-02-09 09:00:00+00:00,0.0
24471,2026-02-09 10:00:00+00:00,0.0
24472,2026-02-08 11:00:00+00:00,2.0
24472,2026-02-08 12:00:00+00:00,2.0
24472,2026-02-08 13:00:00+00:00,2.0
24472,2026-02-08 14:00:00+00:00,2.0
24472,2026-02-08 15:00:00+00:00,2.0
24472,2026-02-08 16:00:00+00:00,2.0
24472,2026-02-08 17:00:00+00:00,2.0
24472,2026-02-08 18:00:00+00:00,2.0
24472,2026-02-08 19:00:00+00:00,2.0
24472,2026-02-08 20:00:00+00:00,2.0
24472,2026-02-08 21:00:00+00:00,2.0
24472,2026-02-08 22:00:00+00:00,2.0
24472,2026-02-08 23:00:00+00:00,2.0
24472,2026-02-09 00:00:00+00:00,2.0
24472,2026-02-09 01:00:00+00:00,2.0
24472,2026-02-09 02:00:00+00:00,2.0
24472,2026-02-09 03:00:00+00:00,2.0
24472,2026-02-09 04:00:00+00:00,2.0
24472,2026-02-09 05:00:00+00:00,2.0
24472,2026-02-09 06:00:00+00:00,2.0
24472,2026-02-09 07:00:00+00:00,2.0
24472,2026-02-09 08:00:00+00:00,2.0
24472,2026-02-09 09:00:00+00:00,2.0
24472,2026-02-09 10:00:00+00:00,2.0
24473,2026-02-08 11:00:00+00:00,0.0
24473,2026-02-08 12:00:00+00:00,0.0
24473,2026-02-08 13:00:00+00:00,0.0
24473,2026-02-08 14:00:00+00:00,0.0
24473,2026-02-08 15:00:00+00:00,0.0
24473,2026-02-08 16:00:00+00:00,0.0
24473,2026-02-08 17:00:00+00:00,0.0
24473,2026-02-08 18:00:00+00:00,0.0
24473,2026-02-08 19:00:00+00:00,0.0
24473,2026-02-08 20:00:00+00:00,0.0
24473,2026-02-08 21:00:00+00:00,0.0
24473,2026-02-08 22:00:00+00:00,0.0
24473,2026-02-08 23:00:00+00:00,0.0
24473,2026-02-09 00:00:00+00:00,0.0
24473,2026-02-09 01:00:00+00:00,0.0
24473,2026-02-09 02:00:00+00:00,0.0
24473,2026-02-09 03:00:00+00:00,0.0
24473,2026-02-09 04:00:00+00:00,0.0
24473,2026-02-09 05:00:00+00:00,0.0
24473,2026-02-09 06:00:00+00:00,0.0
24473,2026-02-09 07:00:00+00:00,0.0
24473,2026-02-09 08:00:00+00:00,0.0
24473,2026-02-09 09:00:00+00:00,0.0
24473,2026-02-09 10:00:00+00:00,0.0
24474,2026-02-08 11:00:00+00:00,4.0
24474,2026-02-08 12:00:00+00:00,4.0
24474,2026-02-08 13:00:00+00:00,4.0
24474,2026-02-08 14:00:00+00:00,3.2
24474,2026-02-08 15:00:00+00:00,3.0
24474,2026-02-08 16:00:00+00:00,3.0
24474,2026-02-08 17:00:00+00:00,3.0
24474,2026-02-08 18:00:00+00:00,3.0
24474,2026-02-08 19:00:00+00:00,3.0
24474,2026-02-08 20:00:00+00:00,3.0
24474,2026-02-08 21:00:00+00:00,3.0
24474,2026-02-08 22:00:00+00:00,3.0
24474,2026-02-08 23:00:00+00:00,3.0
24474,2026-02-09 00:00:00+00:00,3.0
24474,2026-02-09 01:00:00+00:00,3.0
24474,2026-02-09 02:00:00+00:00,3.0
24474,2026-02-09 03:00:00+00:00,3.0
24474,2026-02-09 04:00:00+00:00,3.0
24474,2026-02-09 05:00:00+00:00,3.0
24474,2026-02-09 06:00:00+00:00,2.3
24474,2026-02-09 07:00:00+00:00,2.0
24474,2026-02-09 08:00:00+00:00,2.0
24474,2026-02-09 09:00:00+00:00,2.0
24474,2026-02-09 10:00:00+00:00,2.0
24475,2026-02-08 11:00:00+00:00,8.0
24475,2026-02-08 12:00:00+00:00,8.0
24475,2026-02-08 13:00:00+00:00,8.0
24475,2026-02-08 14:00:00+00:00,8.0
24475,2026-02-08 15:00:00+00:00,8.0
24475,2026-02-08 16:00:00+00:00,8.0
24475,2026-02-08 17:00:00+00:00,8.0
24475,2026-02-08 18:00:00+00:00,8.0
24475,2026-02-08 19:00:00+00:00,8.0
24475,2026-02-08 20:00:00+00:00,8.0
24475,2026-02-08 21:00:00+00:00,8.0
24475,2026-02-08 22:00:00+00:00,8.0
24475,2026-02-08 23:00:00+00:00,8.0
24475,2026-02-09 00:00:00+00:00,8.0
24475,2026-02-09 01:00:00+00:00,8.0
24475,2026-02-09 02:00:00+00:00,8.0
24475,2026-02-09 03:00:00+00:00,8.0
24475,2026-02-09 04:00:00+00:00,8.0
24475,2026-02-09 05:00:00+00:00,8.0
24475,2026-02-09 06:00:00+00:00,8.0
24475,2026-02-09 07:00:00+00:00,8.0
24475,2026-02-09 08:00:00+00:00,8.0
24475,2026-02-09 09:00:00+00:00,8.0
24475,2026-02-09 10:00:00+00:00,8.0
24476,2026-02-08 11:00:00+00:00,1.0
24476,2026-02-08 12:00:00+00:00,1.0
24476,2026-02-08 13:00:00+00:00,1.0
24476,2026-02-08 14:00:00+00:00,1.0
24476,2026-02-08 15:00:00+00:00,1.0
24476,2026-02-08 16:00:00+00:00,1.0
24476,2026-02-08 17:00:00+00:00,1.0
24476,2026-02-08 18:00:00+00:00,1.0
24476,2026-02-08 19:00:00+00:00,1.0
24476,2026-02-08 20:00:00+00:00,1.0
24476,2026-02-08 21:00:00+00:00,1.0
24476,2026-02-08 22:00:00+00:00,1.0
24476,2026-02-08 23:00:00+00:00,1.0
24476,2026-02-09 00:00:00+00:00,1.0
24476,2026-02-09 01:00:00+00:00,1.0
24476,2026-02-09 02:00:00+00:00,1.0
24476,2026-02-09 03:00:00+00:00,1.0
24476,2026-02-09 04:00:00+00:00,1.0
24476,2026-02-09 05:00:00+00:00,1.0
24476,2026-02-09 06:00:00+00:00,1.0
24476,2026-02-09 07:00:00+00:00,1.0
24476,2026-02-09 08:00:00+00:00,1.0
24476,2026-02-09 09:00:00+00:00,1.0
24476,2026-02-09 10:00:00+00:00,1.0
24478,2026-02-08 11:00:00+00:00,7.0
24478,2026-02-08 12:00:00+00:00,7.0
24478,2026-02-08 13:00:00+00:00,7.0
24478,2026-02-08 14:00:00+00:00,7.0
24478,2026-02-08 15:00:00+00:00,7.0
24478,2026-02-08 16:00:00+00:00,7.0
24478,2026-02-08 17:00:00+00:00,7.0
24478,2026-02-08 18:00:00+00:00,7.0
24478,2026-02-08 19:00:00+00:00,7.0
24478,2026-02-08 20:00:00+00:00,7.0
24478,2026-02-08 21:00:00+00:00,7.0
24478,2026-02-08 22:00:00+00:00,7.0
24478,2026-02-08 23:00:00+00:00,7.0
24478,2026-02-09 00:00:00+00:00,7.0
24478,2026-02-09 01:00:00+00:00,7.0
24478,2026-02-09 02:00:00+00:00,7.0
24478,2026-02-09 03:00:00+00:00,7.0
24478,2026-02-09 04:00:00+00:00,7.0
24478,2026-02-09 05:00:00+00:00,7.0
24478,2026-02-09 06:00:00+00:00,7.0
24478,2026-02-09 07:00:00+00:00,7.0
24478,2026-02-09 08:00:00+00:00,7.0
24478,2026-02-09 09:00:00+00:00,7.0
24478,2026-02-09 10:00:00+00:00,7.0
24479,2026-02-08 11:00:00+00:00,6.0
24479,2026-02-08 12:00:00+00:00,6.0
24479,2026-02-08 13:00:00+00:00,6.0
24479,2026-02-08 14:00:00+00:00,6.0
24479,2026-02-08 15:00:00+00:00,6.0
24479,2026-02-08 16:00:00+00:00,6.0
24479,2026-02-08 17:00:00+00:00,6.0
24479,2026-02-08 18:00:00+00:00,6.0
24479,2026-02-08 19:00:00+00:00,6.0
24479,2026-02-08 20:00:00+00:00,6.0
24479,2026-02-08 21:00:00+00:00,6.0
24479,2026-02-08 22:00:00+00:00,6.0
24479,2026-02-08 23:00:00+00:00,6.0
24479,2026-02-09 00:00:00+00:00,6.0
24479,2026-02-09 01:00:00+00:00,6.0
24479,2026-02-09 02:00:00+00:00,6.0
24479,2026-02-09 03:00:00+00:00,6.0
24479,2026-02-09 04:00:00+00:00,6.0
24479,2026-02-09 05:00:00+00:00,6.0
24479,2026-02-09 06:00:00+00:00,6.0
24479,2026-02-09 07:00:00+00:00,6.0
24479,2026-02-09 08:00:00+00:00,6.0
24479,2026-02-09 09:00:00+00:00,6.0
24479,2026-02-09 10:00:00+00:00,6.0
24481,2026-02-08 11:00:00+00:00,0.5166666666666667
24481,2026-02-08 12:00:00+00:00,0.25
24481,2026-02-08 13:00:00+00:00,0.7166666666666667
24481,2026-02-08 14:00:00+00:00,0.0
24481,2026-02-08 15:00:00+00:00,0.3
24481,2026-02-08 16:00:00+00:00,0.016666666666666666
24481,2026-02-08 17:00:00+00:00,0.0
24481,2026-02-08 18:00:00+00:00,0.0
24481,2026-02-08 19:00:00+00:00,0.0
24481,2026-02-08 20:00:00+00:00,0.0
24481,2026-02-08 21:00:00+00:00,0.0
24481,2026-02-08 22:00:00+00:00,0.0
24481,2026-02-08 23:00:00+00:00,0.0
24481,2026-02-09 00:00:00+00:00,0.0
24481,2026-02-09 01:00:00+00:00,0.0
24481,2026-02-09 02:00:00+00:00,0.0
24481,2026-02-09 03:00:00+00:00,0.0
24481,2026-02-09 04:00:00+00:00,0.0
24481,2026-02-09 05:00:00+00:00,0.8666666666666667
24481,2026-02-09 06:00:00+00:00,2.6
24481,2026-02-09 07:00:00+00:00,2.4166666666666665
24481,2026-02-09 08:00:00+00:00,0.9166666666666666
24481,2026-02-09 09:00:00+00:00,0.85
24481,2026-02-09 10:00:00+00:00,0.0
24482,2026-02-08 11:00:00+00:00,5.0
24482,2026-02-08 12:00:00+00:00,5.0
24482,2026-02-08 13:00:00+00:00,5.0
24482,2026-02-08 14:00:00+00:00,5.0
24482,2026-02-08 15:00:00+00:00,5.0
24482,2026-02-08 16:00:00+00:00,5.0
24482,2026-02-08 17:00:00+00:00,5.0
24482,2026-02-08 18:00:00+00:00,5.0
24482,2026-02-08 19:00:00+00:00,5.0
24482,2026-02-08 20:00:00+00:00,5.0
24482,2026-02-08 21:00:00+00:00,5.0
24482,2026-02-08 22:00:00+00:00,5.0
24482,2026-02-08 23:00:00+00:00,5.0
24482,2026-02-09 00:00:00+00:00,5.0
24482,2026-02-09 01:00:00+00:00,5.0
24482,2026-02-09 02:00:00+00:00,5.0
24482,2026-02-09 03:00:00+00:00,5.0
24482,2026-02-09 04:00:00+00:00,5.0
24482,2026-02-09 05:00:00+00:00,5.0
24482,2026-02-09 06:00:00+00:00,4.533333333333333
24482,2026-02-09 07:00:00+00:00,4.0
24482,2026-02-09 08:00:00+00:00,4.0
24482,2026-02-09 09:00:00+00:00,4.0
24482,2026-02-09 10:00:00+00:00,4.466666666666667
26209,2026-02-08 11:00:00+00:00,13.0
26209,2026-02-08 12:00:00+00:00,13.0
26209,2026-02-08 13:00:00+00:00,13.0
26209,2026-02-08 14:00:00+00:00,13.0
26209,2026-02-08 15:00:00+00:00,13.0
26209,2026-02-08 16:00:00+00:00,13.0
26209,2026-02-08 17:00:00+00:00,13.0
26209,2026-02-08 18:00:00+00:00,13.0
26209,2026-02-08 19:00:00+00:00,13.0
26209,2026-02-08 20:00:00+00:00,13.0
26209,2026-02-08 21:00:00+00:00,13.0
26209,2026-02-08 22:00:00+00:00,13.0
26209,2026-02-08 23:00:00+00:00,13.0
26209,2026-02-09 00:00:00+00:00,13.0
26209,2026-02-09 01:00:00+00:00,13.0
26209,2026-02-09 02:00:00+00:00,13.0
26209,2026-02-09 03:00:00+00:00,13.0
26209,2026-02-09 04:00:00+00:00,13.0
26209,2026-02-09 05:00:00+00:00,13.0
26209,2026-02-09 06:00:00+00:00,13.0
26209,2026-02-09 07:00:00+00:00,13.0
26209,2026-02-09 08:00:00+00:00,13.0
26209,2026-02-09 09:00:00+00:00,13.0
26209,2026-02-09 10:00:00+00:00,13.0
26224,2026-02-08 11:00:00+00:00,6.0
26224,2026-02-08 12:00:00+00:00,6.0
26224,2026-02-08 13:00:00+00:00,6.0
26224,2026-02-08 14:00:00+00:00,6.0
26224,2026-02-08 15:00:00+00:00,6.0
26224,2026-02-08 16:00:00+00:00,6.0
26224,2026-02-08 17:00:00+00:00,6.566666666666666
26224,2026-02-08 18:00:00+00:00,7.0
26224,2026-02-08 19:00:00+00:00,7.0
26224,2026-02-08 20:00:00+00:00,7.0
26224,2026-02-08 21:00:00+00:00,7.0
26224,2026-02-08 22:00:00+00:00,7.0
26224,2026-02-08 23:00:00+00:00,7.0
26224,2026-02-09 00:00:00+00:00,7.0
26224,2026-02-09 01:00:00+00:00,7.0
26224,2026-02-09 02:00:00+00:00,7.0
26224,2026-02-09 03:00:00+00:00,7.0
26224,2026-02-09 04:00:00+00:00,7.0
26224,2026-02-09 05:00:00+00:00,7.0
26224,2026-02-09 06:00:00+00:00,7.0
26224,2026-02-09 07:00:00+00:00,6.933333333333334
26224,2026-02-09 08:00:00+00:00,5.283333333333333
26224,2026-02-09 09:00:00+00:00,5.0
26224,2026-02-09 10:00:00+00:00,5.0
26653,2026-02-08 11:00:00+00:00,7.0
26653,2026-02-08 12:00:00+00:00,7.0
26653,2026-02-08 13:00:00+00:00,7.0
26653,2026-02-08 14:00:00+00:00,7.0
26653,2026-02-08 15:00:00+00:00,7.0
26653,2026-02-08 16:00:00+00:00,7.0
26653,2026-02-08 17:00:00+00:00,7.0
26653,2026-02-08 18:00:00+00:00,7.0
26653,2026-02-08 19:00:00+00:00,7.0
26653,2026-02-08 20:00:00+00:00,7.0
26653,2026-02-08 21:00:00+00:00,7.0
26653,2026-02-08 22:00:00+00:00,7.0
26653,2026-02-08 23:00:00+00:00,7.0
26653,2026-02-09 00:00:00+00:00,7.0
26653,2026-02-09 01:00:00+00:00,7.0
26653,2026-02-09 02:00:00+00:00,7.0
26653,2026-02-09 03:00:00+00:00,7.0
26653,2026-02-09 04:00:00+00:00,7.0
26653,2026-02-09 05:00:00+00:00,7.0
26653,2026-02-09 06:00:00+00:00,7.0
26653,2026-02-09 07:00:00+00:00,7.0
26653,2026-02-09 08:00:00+00:00,7.0
26653,2026-02-09 09:00:00+00:00,7.0
26653,2026-02-09 10:00:00+00:00,7.0
26708,2026-02-08 11:00:00+00:00,8.0
26708,2026-02-08 12:00:00+00:00,8.0
26708,2026-02-08 13:00:00+00:00,8.0
26708,2026-02-08 14:00:00+00:00,8.0
26708,2026-02-08 15:00:00+00:00,8.0
26708,2026-02-08 16:00:00+00:00,8.0
26708,2026-02-08 17:00:00+00:00,8.0
26708,2026-02-08 18:00:00+00:00,8.0
26708,2026-02-08 19:00:00+00:00,8.0
26708,2026-02-08 20:00:00+00:00,8.0
26708,2026-02-08 21:00:00+00:00,8.0
26708,2026-02-08 22:00:00+00:00,8.0
26708,2026-02-08 23:00:00+00:00,8.0
26708,2026-02-09 00:00:00+00:00,8.0
26708,2026-02-09 01:00:00+00:00,8.0
26708,2026-02-09 02:00:00+00:00,8.0
26708,2026-02-09 03:00:00+00:00,8.0
26708,2026-02-09 04:00:00+00:00,8.0
26708,2026-02-09 05:00:00+00:00,8.0
26708,2026-02-09 06:00:00+00:00,8.0
26708,2026-02-09 07:00:00+00:00,8.0
26708,2026-02-09 08:00:00+00:00,8.0
26708,2026-02-09 09:00:00+00:00,8.0
26708,2026-02-09 10:00:00+00:00,8.0
26724,2026-02-08 11:00:00+00:00,8.0
26724,2026-02-08 12:00:00+00:00,8.0
26724,2026-02-08 13:00:00+00:00,8.0
26724,2026-02-08 14:00:00+00:00,8.0
26724,2026-02-08 15:00:00+00:00,8.0
26724,2026-02-08 16:00:00+00:00,8.0
26724,2026-02-08 17:00:00+00:00,8.0
26724,2026-02-08 18:00:00+00:00,8.0
26724,2026-02-08 19:00:00+00:00,8.0
26724,2026-02-08 20:00:00+00:00,8.0
26724,2026-02-08 21:00:00+00:00,8.0
26724,2026-02-08 22:00:00+00:00,8.0
26724,2026-02-08 23:00:00+00:00,8.0
26724,2026-02-09 00:00:00+00:00,8.0
26724,2026-02-09 01:00:00+00:00,8.0
26724,2026-02-09 02:00:00+00:00,8.0
26724,2026-02-09 03:00:00+00:00,8.0
26724,2026-02-09 04:00:00+00:00,8.0
26724,2026-02-09 05:00:00+00:00,8.0
26724,2026-02-09 06:00:00+00:00,8.0
26724,2026-02-09 07:00:00+00:00,8.0
26724,2026-02-09 08:00:00+00:00,8.0
26724,2026-02-09 09:00:00+00:00,8.0
26724,2026-02-09 10:00:00+00:00,8.0
26725,2026-02-08 11:00:00+00:00,7.0
26725,2026-02-08 12:00:00+00:00,7.0
26725,2026-02-08 13:00:00+00:00,7.0
26725,2026-02-08 14:00:00+00:00,7.0
26725,2026-02-08 15:00:00+00:00,7.0
26725,2026-02-08 16:00:00+00:00,7.0
26725,2026-02-08 17:00:00+00:00,7.0
26725,2026-02-08 18:00:00+00:00,7.0
26725,2026-02-08 19:00:00+00:00,7.0
26725,2026-02-08 20:00:00+00:00,7.0
26725,2026-02-08 21:00:00+00:00,7.0
26725,2026-02-08 22:00:00+00:00,7.0
26725,2026-02-08 23:00:00+00:00,7.0
26725,2026-02-09 00:00:00+00:00,7.0
26725,2026-02-09 01:00:00+00:00,7.0
26725,2026-02-09 02:00:00+00:00,7.0
26725,2026-02-09 03:00:00+00:00,7.0
26725,2026-02-09 04:00:00+00:00,7.0
26725,2026-02-09 05:00:00+00:00,7.0
26725,2026-02-09 06:00:00+00:00,7.0
26725,2026-02-09 07:00:00+00:00,7.0
26725,2026-02-09 08:00:00+00:00,7.0
26725,2026-02-09 09:00:00+00:00,7.0
26725,2026-02-09 10:00:00+00:00,7.0
26730,2026-02-08 11:00:00+00:00,8.0
26730,2026-02-08 12:00:00+00:00,8.0
26730,2026-02-08 13:00:00+00:00,8.0
26730,2026-02-08 14:00:00+00:00,8.0
26730,2026-02-08 15:00:00+00:00,8.0
26730,2026-02-08 16:00:00+00:00,8.0
26730,2026-02-08 17:00:00+00:00,8.0
26730,2026-02-08 18:00:00+00:00,8.0
26730,2026-02-08 19:00:00+00:00,8.0
26730,2026-02-08 20:00:00+00:00,8.0
26730,2026-02-08 21:00:00+00:00,8.0
26730,2026-02-08 22:00:00+00:00,8.0
26730,2026-02-08 23:00:00+00:00,8.0
26730,2026-02-09 00:00:00+00:00,8.0
26730,2026-02-09 01:00:00+00:00,8.0
26730,2026-02-09 02:00:00+00:00,8.0
26730,2026-02-09 03:00:00+00:00,8.0
26730,2026-02-09 04:00:00+00:00,8.0
26730,2026-02-09 05:00:00+00:00,8.0
26730,2026-02-09 06:00:00+00:00,8.065573770491802
26730,2026-02-09 07:00:00+00:00,9.0
26730,2026-02-09 08:00:00+00:00,9.0
26730,2026-02-09 09:00:00+00:00,9.0
26730,2026-02-09 10:00:00+00:00,9.0
26805,2026-02-08 11:00:00+00:00,10.0
26805,2026-02-08 12:00:00+00:00,10.0
26805,2026-02-08 13:00:00+00:00,10.0
26805,2026-02-08 14:00:00+00:00,10.0
26805,2026-02-08 15:00:00+00:00,10.0
26805,2026-02-08 16:00:00+00:00,9.85
26805,2026-02-08 17:00:00+00:00,9.0
26805,2026-02-08 18:00:00+00:00,9.0
26805,2026-02-08 19:00:00+00:00,9.0
26805,2026-02-08 20:00:00+00:00,9.483333333333333
26805,2026-02-08 21:00:00+00:00,10.0
26805,2026-02-08 22:00:00+00:00,10.0
26805,2026-02-08 23:00:00+00:00,10.0
26805,2026-02-09 00:00:00+00:00,10.0
26805,2026-02-09 01:00:00+00:00,10.0
26805,2026-02-09 02:00:00+00:00,10.0
26805,2026-02-09 03:00:00+00:00,10.0
26805,2026-02-09 04:00:00+00:00,10.0
26805,2026-02-09 05:00:00+00:00,10.0
26805,2026-02-09 06:00:00+00:00,10.0
26805,2026-02-09 07:00:00+00:00,10.0
26805,2026-02-09 08:00:00+00:00,10.0
26805,2026-02-09 09:00:00+00:00,10.0
26805,2026-02-09 10:00:00+00:00,10.0
26889,2026-02-08 11:00:00+00:00,0.5833333333333334
26889,2026-02-08 12:00:00+00:00,1.0
26889,2026-02-08 13:00:00+00:00,1.2333333333333334
26889,2026-02-08 14:00:00+00:00,0.1
26889,2026-02-08 15:00:00+00:00,0.06666666666666667
26889,2026-02-08 16:00:00+00:00,0.0
26889,2026-02-08 17:00:00+00:00,0.0
26889,2026-02-08 18:00:00+00:00,0.0
26889,2026-02-08 19:00:00+00:00,0.0
26889,2026-02-08 20:00:00+00:00,1.0
26889,2026-02-08 21:00:00+00:00,2.0
26889,2026-02-08 22:00:00+00:00,2.0
26889,2026-02-08 23:00:00+00:00,2.0
26889,2026-02-09 00:00:00+00:00,2.0
26889,2026-02-09 01:00:00+00:00,2.0
26889,2026-02-09 02:00:00+00:00,2.0
26889,2026-02-09 03:00:00+00:00,1.9333333333333333
26889,2026-02-09 04:00:00+00:00,1.0
26889,2026-02-09 05:00:00+00:00,1.9166666666666667
26889,2026-02-09 06:00:00+00:00,0.5333333333333333
26889,2026-02-09 07:00:00+00:00,0.0
26889,2026-02-09 08:00:00+00:00,0.0
26889,2026-02-09 09:00:00+00:00,0.0
26889,2026-02-09 10:00:00+00:00,0.0
27183,2026-02-08 11:00:00+00:00,7.0
27183,2026-02-08 12:00:00+00:00,7.0
27183,2026-02-08 13:00:00+00:00,7.0
27183,2026-02-08 14:00:00+00:00,7.0
27183,2026-02-08 15:00:00+00:00,7.0
27183,2026-02-08 16:00:00+00:00,7.0
27183,2026-02-08 17:00:00+00:00,7.0
27183,2026-02-08 18:00:00+00:00,7.0
27183,2026-02-08 19:00:00+00:00,7.0
27183,2026-02-08 20:00:00+00:00,7.0
27183,2026-02-08 21:00:00+00:00,7.0
27183,2026-02-08 22:00:00+00:00,7.0
27183,2026-02-08 23:00:00+00:00,7.0
27183,2026-02-09 00:00:00+00:00,7.0
27183,2026-02-09 01:00:00+00:00,7.0
27183,2026-02-09 02:00:00+00:00,7.0
27183,2026-02-09 03:00:00+00:00,7.0
27183,2026-02-09 04:00:00+00:00,7.0
27183,2026-02-09 05:00:00+00:00,7.0
27183,2026-02-09 06:00:00+00:00,7.0
27183,2026-02-09 07:00:00+00:00,7.0
27183,2026-02-09 08:00:00+00:00,7.0
27183,2026-02-09 09:00:00+00:00,7.0
27183,2026-02-09 10:00:00+00:00,7.0
27372,2026-02-08 11:00:00+00:00,7.0
27372,2026-02-08 12:00:00+00:00,7.0
27372,2026-02-08 13:00:00+00:00,7.0
27372,2026-02-08 14:00:00+00:00,7.0
27372,2026-02-08 15:00:00+00:00,7.0
27372,2026-02-08 16:00:00+00:00,7.0
27372,2026-02-08 17:00:00+00:00,7.0
27372,2026-02-08 18:00:00+00:00,7.0
27372,2026-02-08 19:00:00+00:00,7.0
27372,2026-02-08 20:00:00+00:00,7.0
27372,2026-02-08 21:00:00+00:00,7.0
27372,2026-02-08 22:00:00+00:00,7.0
27372,2026-02-08 23:00:00+00:00,7.0
27372,2026-02-09 00:00:00+00:00,7.0
27372,2026-02-09 01:00:00+00:00,7.0
27372,2026-02-09 02:00:00+00:00,7.0
27372,2026-02-09 03:00:00+00:00,7.0
27372,2026-02-09 04:00:00+00:00,7.0
27372,2026-02-09 05:00:00+00:00,7.0
27372,2026-02-09 06:00:00+00:00,7.0
27372,2026-02-09 07:00:00+00:00,7.0
27372,2026-02-09 08:00:00+00:00,7.0
27372,2026-02-09 09:00:00+00:00,7.0
27372,2026-02-09 10:00:00+00:00,7.0
27373,2026-02-08 11:00:00+00:00,7.0
27373,2026-02-08 12:00:00+00:00,7.0
27373,2026-02-08 13:00:00+00:00,7.0
27373,2026-02-08 14:00:00+00:00,7.0
27373,2026-02-08 15:00:00+00:00,7.0
27373,2026-02-08 16:00:00+00:00,7.0
27373,2026-02-08 17:00:00+00:00,7.0
27373,2026-02-08 18:00:00+00:00,7.0
27373,2026-02-08 19:00:00+00:00,7.0
27373,2026-02-08 20:00:00+00:00,7.0
27373,2026-02-08 21:00:00+00:00,7.0
27373,2026-02-08 22:00:00+00:00,7.0
27373,2026-02-08 23:00:00+00:00,7.0
27373,2026-02-09 00:00:00+00:00,7.0
27373,2026-02-09 01:00:00+00:00,7.0
27373,2026-02-09 02:00:00+00:00,7.0
27373,2026-02-09 03:00:00+00:00,7.0
27373,2026-02-09 04:00:00+00:00,7.0
27373,2026-02-09 05:00:00+00:00,7.0
27373,2026-02-09 06:00:00+00:00,7.0
27373,2026-02-09 07:00:00+00:00,7.0
27373,2026-02-09 08:00:00+00:00,7.0
27373,2026-02-09 09:00:00+00:00,7.0
27373,2026-02-09 10:00:00+00:00,7.0
27374,2026-02-08 11:00:00+00:00,3.8333333333333335
27374,2026-02-08 12:00:00+00:00,3.0
27374,2026-02-08 13:00:00+00:00,3.0
27374,2026-02-08 14:00:00+00:00,3.0
27374,2026-02-08 15:00:00+00:00,3.0
27374,2026-02-08 16:00:00+00:00,3.0
27374,2026-02-08 17:00:00+00:00,3.0
27374,2026-02-08 18:00:00+00:00,3.0
27374,2026-02-08 19:00:00+00:00,3.0
27374,2026-02-08 20:00:00+00:00,3.0
27374,2026-02-08 21:00:00+00:00,3.0
27374,2026-02-08 22:00:00+00:00,3.0
27374,2026-02-08 23:00:00+00:00,3.0
27374,2026-02-09 00:00:00+00:00,3.0
27374,2026-02-09 01:00:00+00:00,3.0
27374,2026-02-09 02:00:00+00:00,3.0
27374,2026-02-09 03:00:00+00:00,3.0
27374,2026-02-09 04:00:00+00:00,3.0
27374,2026-02-09 05:00:00+00:00,3.0
27374,2026-02-09 06:00:00+00:00,3.0
27374,2026-02-09 07:00:00+00:00,3.0
27374,2026-02-09 08:00:00+00:00,3.0
27374,2026-02-09 09:00:00+00:00,3.0
27374,2026-02-09 10:00:00+00:00,3.0
27375,2026-02-08 11:00:00+00:00,7.0
27375,2026-02-08 12:00:00+00:00,7.0
27375,2026-02-08 13:00:00+00:00,7.0
27375,2026-02-08 14:00:00+00:00,7.0
27375,2026-02-08 15:00:00+00:00,7.0
27375,2026-02-08 16:00:00+00:00,7.0
27375,2026-02-08 17:00:00+00:00,7.0
27375,2026-02-08 18:00:00+00:00,7.0
27375,2026-02-08 19:00:00+00:00,7.0
27375,2026-02-08 20:00:00+00:00,7.0
27375,2026-02-08 21:00:00+00:00,7.0
27375,2026-02-08 22:00:00+00:00,7.0
27375,2026-02-08 23:00:00+00:00,7.0
27375,2026-02-09 00:00:00+00:00,7.0
27375,2026-02-09 01:00:00+00:00,7.0
27375,2026-02-09 02:00:00+00:00,7.0
27375,2026-02-09 03:00:00+00:00,7.0
27375,2026-02-09 04:00:00+00:00,7.0
27375,2026-02-09 05:00:00+00:00,7.0
27375,2026-02-09 06:00:00+00:00,7.0
27375,2026-02-09 07:00:00+00:00,7.0
27375,2026-02-09 08:00:00+00:00,7.0
27375,2026-02-09 09:00:00+00:00,7.0
27375,2026-02-09 10:00:00+00:00,7.0
27376,2026-02-08 11:00:00+00:00,3.0
27376,2026-02-08 12:00:00+00:00,3.0
27376,2026-02-08 13:00:00+00:00,3.0
27376,2026-02-08 14:00:00+00:00,3.0
27376,2026-02-08 15:00:00+00:00,3.0
27376,2026-02-08 16:00:00+00:00,3.0
27376,2026-02-08 17:00:00+00:00,3.0
27376,2026-02-08 18:00:00+00:00,3.0
27376,2026-02-08 19:00:00+00:00,3.0
27376,2026-02-08 20:00:00+00:00,3.0
27376,2026-02-08 21:00:00+00:00,3.0
27376,2026-02-08 22:00:00+00:00,3.0
27376,2026-02-08 23:00:00+00:00,3.0
27376,2026-02-09 00:00:00+00:00,3.0
27376,2026-02-09 01:00:00+00:00,3.0
27376,2026-02-09 02:00:00+00:00,3.0
27376,2026-02-09 03:00:00+00:00,3.0
27376,2026-02-09 04:00:00+00:00,3.0
27376,2026-02-09 05:00:00+00:00,3.0
27376,2026-02-09 06:00:00+00:00,3.0
27376,2026-02-09 07:00:00+00:00,3.0
27376,2026-02-09 08:00:00+00:00,3.0
27376,2026-02-09 09:00:00+00:00,3.0
27376,2026-02-09 10:00:00+00:00,3.0
27377,2026-02-08 11:00:00+00:00,3.0
27377,2026-02-08 12:00:00+00:00,3.0
27377,2026-02-08 13:00:00+00:00,3.0
27377,2026-02-08 14:00:00+00:00,3.0
27377,2026-02-08 15:00:00+00:00,3.0
27377,2026-02-08 16:00:00+00:00,3.0
27377,2026-02-08 17:00:00+00:00,3.0
27377,2026-02-08 18:00:00+00:00,3.0
27377,2026-02-08 19:00:00+00:00,3.0
27377,2026-02-08 20:00:00+00:00,3.0
27377,2026-02-08 21:00:00+00:00,3.0
27377,2026-02-08 22:00:00+00:00,3.0
27377,2026-02-08 23:00:00+00:00,3.0
27377,2026-02-09 00:00:00+00:00,3.0
27377,2026-02-09 01:00:00+00:00,3.0
27377,2026-02-09 02:00:00+00:00,3.0
27377,2026-02-09 03:00:00+00:00,3.0
27377,2026-02-09 04:00:00+00:00,3.0
27377,2026-02-09 05:00:00+00:00,3.0
27377,2026-02-09 06:00:00+00:00,3.0
27377,2026-02-09 07:00:00+00:00,3.0
27377,2026-02-09 08:00:00+00:00,3.0
27377,2026-02-09 09:00:00+00:00,3.0
27377,2026-02-09 10:00:00+00:00,3.0
27378,2026-02-08 11:00:00+00:00,4.0
27378,2026-02-08 12:00:00+00:00,4.0
27378,2026-02-08 13:00:00+00:00,4.0
27378,2026-02-08 14:00:00+00:00,4.0
27378,2026-02-08 15:00:00+00:00,4.0
27378,2026-02-08 16:00:00+00:00,4.0
27378,2026-02-08 17:00:00+00:00,4.0
27378,2026-02-08 18:00:00+00:00,4.0
27378,2026-02-08 19:00:00+00:00,4.0
27378,2026-02-08 20:00:00+00:00,4.0
27378,2026-02-08 21:00:00+00:00,4.0
27378,2026-02-08 22:00:00+00:00,4.0
27378,2026-02-08 23:00:00+00:00,4.0
27378,2026-02-09 00:00:00+00:00,4.0
27378,2026-02-09 01:00:00+00:00,4.0
27378,2026-02-09 02:00:00+00:00,4.0
27378,2026-02-09 03:00:00+00:00,4.0
27378,2026-02-09 04:00:00+00:00,4.0
27378,2026-02-09 05:00:00+00:00,4.0
27378,2026-02-09 06:00:00+00:00,4.0
27378,2026-02-09 07:00:00+00:00,4.0
27378,2026-02-09 08:00:00+00:00,4.0
27378,2026-02-09 09:00:00+00:00,4.0
27378,2026-02-09 10:00:00+00:00,4.0
27379,2026-02-08 11:00:00+00:00,1.0
27379,2026-02-08 12:00:00+00:00,1.0
27379,2026-02-08 13:00:00+00:00,1.0
27379,2026-02-08 14:00:00+00:00,1.0
27379,2026-02-08 15:00:00+00:00,1.0
27379,2026-02-08 16:00:00+00:00,1.0
27379,2026-02-08 17:00:00+00:00,1.0
27379,2026-02-08 18:00:00+00:00,1.0
27379,2026-02-08 19:00:00+00:00,1.0
27379,2026-02-08 20:00:00+00:00,1.0
27379,2026-02-08 21:00:00+00:00,1.0
27379,2026-02-08 22:00:00+00:00,1.0
27379,2026-02-08 23:00:00+00:00,1.0
27379,2026-02-09 00:00:00+00:00,1.0
27379,2026-02-09 01:00:00+00:00,1.0
27379,2026-02-09 02:00:00+00:00,1.0
27379,2026-02-09 03:00:00+00:00,1.0
27379,2026-02-09 04:00:00+00:00,1.0
27379,2026-02-09 05:00:00+00:00,1.0
27379,2026-02-09 06:00:00+00:00,1.0
27379,2026-02-09 07:00:00+00:00,1.0
27379,2026-02-09 08:00:00+00:00,1.0
27379,2026-02-09 09:00:00+00:00,1.0
27379,2026-02-09 10:00:00+00:00,1.0
27380,2026-02-08 11:00:00+00:00,5.0
27380,2026-02-08 12:00:00+00:00,5.0
27380,2026-02-08 13:00:00+00:00,5.0
27380,2026-02-08 14:00:00+00:00,5.0
27380,2026-02-08 15:00:00+00:00,5.0
27380,2026-02-08 16:00:00+00:00,5.0
27380,2026-02-08 17:00:00+00:00,5.0
27380,2026-02-08 18:00:00+00:00,5.0
27380,2026-02-08 19:00:00+00:00,5.0
27380,2026-02-08 20:00:00+00:00,5.0
27380,2026-02-08 21:00:00+00:00,5.0
27380,2026-02-08 22:00:00+00:00,5.0
27380,2026-02-08 23:00:00+00:00,5.0
27380,2026-02-09 00:00:00+00:00,5.0
27380,2026-02-09 01:00:00+00:00,5.0
27380,2026-02-09 02:00:00+00:00,5.0
27380,2026-02-09 03:00:00+00:00,5.0
27380,2026-02-09 04:00:00+00:00,5.0
27380,2026-02-09 05:00:00+00:00,5.0
27380,2026-02-09 06:00:00+00:00,5.0
27380,2026-02-09 07:00:00+00:00,5.0
27380,2026-02-09 08:00:00+00:00,5.0
27380,2026-02-09 09:00:00+00:00,5.0
27380,2026-02-09 10:00:00+00:00,5.0
27381,2026-02-08 11:00:00+00:00,10.0
27381,2026-02-08 12:00:00+00:00,10.0
27381,2026-02-08 13:00:00+00:00,10.0
27381,2026-02-08 14:00:00+00:00,10.0
27381,2026-02-08 15:00:00+00:00,10.0
27381,2026-02-08 16:00:00+00:00,10.0
27381,2026-02-08 17:00:00+00:00,10.0
27381,2026-02-08 18:00:00+00:00,10.0
27381,2026-02-08 19:00:00+00:00,10.0
27381,2026-02-08 20:00:00+00:00,10.0
27381,2026-02-08 21:00:00+00:00,10.0
27381,2026-02-08 22:00:00+00:00,10.0
27381,2026-02-08 23:00:00+00:00,10.0
27381,2026-02-09 00:00:00+00:00,10.0
27381,2026-02-09 01:00:00+00:00,10.0
27381,2026-02-09 02:00:00+00:00,10.0
27381,2026-02-09 03:00:00+00:00,10.0
27381,2026-02-09 04:00:00+00:00,10.0
27381,2026-02-09 05:00:00+00:00,10.0
27381,2026-02-09 06:00:00+00:00,10.0
27381,2026-02-09 07:00:00+00:00,10.0
27381,2026-02-09 08:00:00+00:00,10.0
27381,2026-02-09 09:00:00+00:00,10.0
27381,2026-02-09 10:00:00+00:00,10.0
27382,2026-02-08 11:00:00+00:00,3.0
27382,2026-02-08 12:00:00+00:00,3.0
27382,2026-02-08 13:00:00+00:00,3.0
27382,2026-02-08 14:00:00+00:00,3.0
27382,2026-02-08 15:00:00+00:00,3.0
27382,2026-02-08 16:00:00+00:00,3.0
27382,2026-02-08 17:00:00+00:00,3.0
27382,2026-02-08 18:00:00+00:00,3.0
27382,2026-02-08 19:00:00+00:00,3.0
27382,2026-02-08 20:00:00+00:00,3.0
27382,2026-02-08 21:00:00+00:00,3.0
27382,2026-02-08 22:00:00+00:00,3.0
27382,2026-02-08 23:00:00+00:00,3.0
27382,2026-02-09 00:00:00+00:00,3.0
27382,2026-02-09 01:00:00+00:00,3.0
27382,2026-02-09 02:00:00+00:00,3.0
27382,2026-02-09 03:00:00+00:00,3.0
27382,2026-02-09 04:00:00+00:00,3.0
27382,2026-02-09 05:00:00+00:00,3.0
27382,2026-02-09 06:00:00+00:00,3.0
27382,2026-02-09 07:00:00+00:00,3.0
27382,2026-02-09 08:00:00+00:00,3.0
27382,2026-02-09 09:00:00+00:00,3.0
27382,2026-02-09 10:00:00+00:00,3.0
27440,2026-02-08 11:00:00+00:00,5.0
27440,2026-02-08 12:00:00+00:00,5.0
27440,2026-02-08 13:00:00+00:00,5.0
27440,2026-02-08 14:00:00+00:00,5.0
27440,2026-02-08 15:00:00+00:00,5.0
27440,2026-02-08 16:00:00+00:00,5.0
27440,2026-02-08 17:00:00+00:00,5.0
27440,2026-02-08 18:00:00+00:00,5.0
27440,2026-02-08 19:00:00+00:00,5.0
27440,2026-02-08 20:00:00+00:00,5.0
27440,2026-02-08 21:00:00+00:00,5.0
27440,2026-02-08 22:00:00+00:00,5.0
27440,2026-02-08 23:00:00+00:00,5.0
27440,2026-02-09 00:00:00+00:00,5.0
27440,2026-02-09 01:00:00+00:00,5.0
27440,2026-02-09 02:00:00+00:00,5.0
27440,2026-02-09 03:00:00+00:00,5.0
27440,2026-02-09 04:00:00+00:00,5.0
27440,2026-02-09 05:00:00+00:00,5.0
27440,2026-02-09 06:00:00+00:00,5.0
27440,2026-02-09 07:00:00+00:00,5.0
27440,2026-02-09 08:00:00+00:00,5.0
27440,2026-02-09 09:00:00+00:00,5.0
27440,2026-02-09 10:00:00+00:00,5.0
27441,2026-02-08 11:00:00+00:00,6.0
27441,2026-02-08 12:00:00+00:00,6.0
27441,2026-02-08 13:00:00+00:00,6.0
27441,2026-02-08 14:00:00+00:00,6.0
27441,2026-02-08 15:00:00+00:00,6.0
27441,2026-02-08 16:00:00+00:00,6.0
27441,2026-02-08 17:00:00+00:00,6.0
27441,2026-02-08 18:00:00+00:00,6.0
27441,2026-02-08 19:00:00+00:00,6.0
27441,2026-02-08 20:00:00+00:00,6.0
27441,2026-02-08 21:00:00+00:00,6.0
27441,2026-02-08 22:00:00+00:00,6.0
27441,2026-02-08 23:00:00+00:00,6.0
27441,2026-02-09 00:00:00+00:00,6.0
27441,2026-02-09 01:00:00+00:00,6.0
27441,2026-02-09 02:00:00+00:00,6.0
27441,2026-02-09 03:00:00+00:00,6.0
27441,2026-02-09 04:00:00+00:00,6.0
27441,2026-02-09 05:00:00+00:00,6.0
27441,2026-02-09 06:00:00+00:00,6.0
27441,2026-02-09 07:00:00+00:00,6.0
27441,2026-02-09 08:00:00+00:00,6.0
27441,2026-02-09 09:00:00+00:00,6.0
27441,2026-02-09 10:00:00+00:00,6.0
27442,2026-02-08 11:00:00+00:00,5.0
27442,2026-02-08 12:00:00+00:00,5.0
27442,2026-02-08 13:00:00+00:00,5.0
27442,2026-02-08 14:00:00+00:00,5.0
27442,2026-02-08 15:00:00+00:00,5.0
27442,2026-02-08 16:00:00+00:00,5.0
27442,2026-02-08 17:00:00+00:00,5.0
27442,2026-02-08 18:00:00+00:00,5.0
27442,2026-02-08 19:00:00+00:00,5.0
27442,2026-02-08 20:00:00+00:00,5.0
27442,2026-02-08 21:00:00+00:00,5.0
27442,2026-02-08 22:00:00+00:00,5.0
27442,2026-02-08 23:00:00+00:00,5.0
27442,2026-02-09 00:00:00+00:00,5.0
27442,2026-02-09 01:00:00+00:00,5.0
27442,2026-02-09 02:00:00+00:00,5.0
27442,2026-02-09 03:00:00+00:00,5.0
27442,2026-02-09 04:00:00+00:00,5.0
27442,2026-02-09 05:00:00+00:00,5.0
27442,2026-02-09 06:00:00+00:00,5.0
27442,2026-02-09 07:00:00+00:00,5.0
27442,2026-02-09 08:00:00+00:00,5.0
27442,2026-02-09 09:00:00+00:00,5.0
27442,2026-02-09 10:00:00+00:00,5.0
27443,2026-02-08 11:00:00+00:00,7.0
27443,2026-02-08 12:00:00+00:00,7.0
27443,2026-02-08 13:00:00+00:00,7.0
27443,2026-02-08 14:00:00+00:00,7.0
27443,2026-02-08 15:00:00+00:00,7.0
27443,2026-02-08 16:00:00+00:00,7.0
27443,2026-02-08 17:00:00+00:00,7.0
27443,2026-02-08 18:00:00+00:00,7.0
27443,2026-02-08 19:00:00+00:00,7.0
27443,2026-02-08 20:00:00+00:00,7.0
27443,2026-02-08 21:00:00+00:00,7.0
27443,2026-02-08 22:00:00+00:00,7.0
27443,2026-02-08 23:00:00+00:00,7.0
27443,2026-02-09 00:00:00+00:00,7.0
27443,2026-02-09 01:00:00+00:00,7.0
27443,2026-02-09 02:00:00+00:00,7.0
27443,2026-02-09 03:00:00+00:00,7.0
27443,2026-02-09 04:00:00+00:00,7.0
27443,2026-02-09 05:00:00+00:00,7.0
27443,2026-02-09 06:00:00+00:00,7.0
27443,2026-02-09 07:00:00+00:00,7.0
27443,2026-02-09 08:00:00+00:00,7.0
27443,2026-02-09 09:00:00+00:00,7.0
27443,2026-02-09 10:00:00+00:00,6.45
27444,2026-02-08 11:00:00+00:00,0.0
27444,2026-02-08 12:00:00+00:00,0.85
27444,2026-02-08 13:00:00+00:00,1.0
27444,2026-02-08 14:00:00+00:00,1.0
27444,2026-02-08 15:00:00+00:00,1.0
27444,2026-02-08 16:00:00+00:00,1.0
27444,2026-02-08 17:00:00+00:00,1.0
27444,2026-02-08 18:00:00+00:00,1.0
27444,2026-02-08 19:00:00+00:00,1.0
27444,2026-02-08 20:00:00+00:00,1.0
27444,2026-02-08 21:00:00+00:00,1.0
27444,2026-02-08 22:00:00+00:00,1.0
27444,2026-02-08 23:00:00+00:00,1.0
27444,2026-02-09 00:00:00+00:00,1.0
27444,2026-02-09 01:00:00+00:00,1.0
27444,2026-02-09 02:00:00+00:00,1.0
27444,2026-02-09 03:00:00+00:00,1.0
27444,2026-02-09 04:00:00+00:00,1.0
27444,2026-02-09 05:00:00+00:00,1.0
27444,2026-02-09 06:00:00+00:00,1.0
27444,2026-02-09 07:00:00+00:00,1.0
27444,2026-02-09 08:00:00+00:00,1.0
27444,2026-02-09 09:00:00+00:00,1.0
27444,2026-02-09 10:00:00+00:00,1.0
27445,2026-02-08 11:00:00+00:00,5.0
27445,2026-02-08 12:00:00+00:00,5.0
27445,2026-02-08 13:00:00+00:00,5.0
27445,2026-02-08 14:00:00+00:00,5.0
27445,2026-02-08 15:00:00+00:00,5.0
27445,2026-02-08 16:00:00+00:00,5.0
27445,2026-02-08 17:00:00+00:00,5.0
27445,2026-02-08 18:00:00+00:00,5.0
27445,2026-02-08 19:00:00+00:00,5.0
27445,2026-02-08 20:00:00+00:00,5.0
27445,2026-02-08 21:00:00+00:00,5.0
27445,2026-02-08 22:00:00+00:00,5.0
27445,2026-02-08 23:00:00+00:00,5.0
27445,2026-02-09 00:00:00+00:00,5.0
27445,2026-02-09 01:00:00+00:00,5.0
27445,2026-02-09 02:00:00+00:00,5.0
27445,2026-02-09 03:00:00+00:00,5.0
27445,2026-02-09 04:00:00+00:00,5.0
27445,2026-02-09 05:00:00+00:00,5.0
27445,2026-02-09 06:00:00+00:00,5.0
27445,2026-02-09 07:00:00+00:00,5.0
27445,2026-02-09 08:00:00+00:00,5.0
27445,2026-02-09 09:00:00+00:00,5.0
27445,2026-02-09 10:00:00+00:00,5.0
27446,2026-02-08 11:00:00+00:00,6.0
27446,2026-02-08 12:00:00+00:00,6.0
27446,2026-02-08 13:00:00+00:00,6.0
27446,2026-02-08 14:00:00+00:00,6.0
27446,2026-02-08 15:00:00+00:00,6.0
27446,2026-02-08 16:00:00+00:00,6.0
27446,2026-02-08 17:00:00+00:00,6.0
27446,2026-02-08 18:00:00+00:00,6.0
27446,2026-02-08 19:00:00+00:00,6.0
27446,2026-02-08 20:00:00+00:00,6.0
27446,2026-02-08 21:00:00+00:00,6.0
27446,2026-02-08 22:00:00+00:00,6.0
27446,2026-02-08 23:00:00+00:00,6.0
27446,2026-02-09 00:00:00+00:00,6.0
27446,2026-02-09 01:00:00+00:00,6.0
27446,2026-02-09 02:00:00+00:00,6.0
27446,2026-02-09 03:00:00+00:00,6.0
27446,2026-02-09 04:00:00+00:00,6.0
27446,2026-02-09 05:00:00+00:00,6.0
27446,2026-02-09 06:00:00+00:00,6.0
27446,2026-02-09 07:00:00+00:00,6.0
27446,2026-02-09 08:00:00+00:00,6.0
27446,2026-02-09 09:00:00+00:00,6.0
27446,2026-02-09 10:00:00+00:00,6.0
27447,2026-02-08 11:00:00+00:00,7.0
27447,2026-02-08 12:00:00+00:00,7.0
27447,2026-02-08 13:00:00+00:00,7.0
27447,2026-02-08 14:00:00+00:00,7.0
27447,2026-02-08 15:00:00+00:00,7.0
27447,2026-02-08 16:00:00+00:00,7.0
27447,2026-02-08 17:00:00+00:00,7.0
27447,2026-02-08 18:00:00+00:00,6.75
27447,2026-02-08 19:00:00+00:00,6.916666666666667
27447,2026-02-08 20:00:00+00:00,7.0
27447,2026-02-08 21:00:00+00:00,5.9
27447,2026-02-08 22:00:00+00:00,5.566666666666666
27447,2026-02-08 23:00:00+00:00,7.0
27447,2026-02-09 00:00:00+00:00,7.0
27447,2026-02-09 01:00:00+00:00,7.0
27447,2026-02-09 02:00:00+00:00,7.0
27447,2026-02-09 03:00:00+00:00,7.0
27447,2026-02-09 04:00:00+00:00,7.0
27447,2026-02-09 05:00:00+00:00,7.0
27447,2026-02-09 06:00:00+00:00,7.0
27447,2026-02-09 07:00:00+00:00,7.0
27447,2026-02-09 08:00:00+00:00,7.0
27447,2026-02-09 09:00:00+00:00,7.0
27447,2026-02-09 10:00:00+00:00,7.0
27448,2026-02-08 11:00:00+00:00,0.0
27448,2026-02-08 12:00:00+00:00,0.0
27448,2026-02-08 13:00:00+00:00,0.0
27448,2026-02-08 14:00:00+00:00,0.0
27448,2026-02-08 15:00:00+00:00,0.0
27448,2026-02-08 16:00:00+00:00,0.0
27448,2026-02-08 17:00:00+00:00,0.0
27448,2026-02-08 18:00:00+00:00,0.0
27448,2026-02-08 19:00:00+00:00,0.0
27448,2026-02-08 20:00:00+00:00,0.0
27448,2026-02-08 21:00:00+00:00,0.0
27448,2026-02-08 22:00:00+00:00,0.0
27448,2026-02-08 23:00:00+00:00,0.0
27448,2026-02-09 00:00:00+00:00,0.0
27448,2026-02-09 01:00:00+00:00,0.0
27448,2026-02-09 02:00:00+00:00,0.0
27448,2026-02-09 03:00:00+00:00,0.0
27448,2026-02-09 04:00:00+00:00,0.0
27448,2026-02-09 05:00:00+00:00,0.0
27448,2026-02-09 06:00:00+00:00,0.0
27448,2026-02-09 07:00:00+00:00,0.0
27448,2026-02-09 08:00:00+00:00,0.0
27448,2026-02-09 09:00:00+00:00,0.0
27448,2026-02-09 10:00:00+00:00,0.0
27449,2026-02-08 11:00:00+00:00,4.0
27449,2026-02-08 12:00:00+00:00,4.0
27449,2026-02-08 13:00:00+00:00,4.0
27449,2026-02-08 14:00:00+00:00,4.0
27449,2026-02-08 15:00:00+00:00,4.0
27449,2026-02-08 16:00:00+00:00,4.0
27449,2026-02-08 17:00:00+00:00,4.0
27449,2026-02-08 18:00:00+00:00,4.0
27449,2026-02-08 19:00:00+00:00,4.0
27449,2026-02-08 20:00:00+00:00,4.0
27449,2026-02-08 21:00:00+00:00,4.0
27449,2026-02-08 22:00:00+00:00,4.0
27449,2026-02-08 23:00:00+00:00,4.0
27449,2026-02-09 00:00:00+00:00,4.0
27449,2026-02-09 01:00:00+00:00,4.0
27449,2026-02-09 02:00:00+00:00,4.0
27449,2026-02-09 03:00:00+00:00,4.0
27449,2026-02-09 04:00:00+00:00,4.0
27449,2026-02-09 05:00:00+00:00,4.0
27449,2026-02-09 06:00:00+00:00,4.0
27449,2026-02-09 07:00:00+00:00,4.0
27449,2026-02-09 08:00:00+00:00,4.0
27449,2026-02-09 09:00:00+00:00,4.0
27449,2026-02-09 10:00:00+00:00,4.0
27450,2026-02-08 11:00:00+00:00,7.0
27450,2026-02-08 12:00:00+00:00,7.0
27450,2026-02-08 13:00:00+00:00,7.0
27450,2026-02-08 14:00:00+00:00,7.0
27450,2026-02-08 15:00:00+00:00,7.0
27450,2026-02-08 16:00:00+00:00,7.0
27450,2026-02-08 17:00:00+00:00,7.0
27450,2026-02-08 18:00:00+00:00,7.0
27450,2026-02-08 19:00:00+00:00,7.0
27450,2026-02-08 20:00:00+00:00,7.0
27450,2026-02-08 21:00:00+00:00,7.0
27450,2026-02-08 22:00:00+00:00,7.0
27450,2026-02-08 23:00:00+00:00,7.0
27450,2026-02-09 00:00:00+00:00,7.0
27450,2026-02-09 01:00:00+00:00,7.0
27450,2026-02-09 02:00:00+00:00,7.0
27450,2026-02-09 03:00:00+00:00,7.0
27450,2026-02-09 04:00:00+00:00,7.0
27450,2026-02-09 05:00:00+00:00,7.0
27450,2026-02-09 06:00:00+00:00,7.0
27450,2026-02-09 07:00:00+00:00,7.0
27450,2026-02-09 08:00:00+00:00,7.0
27450,2026-02-09 09:00:00+00:00,7.0
27450,2026-02-09 10:00:00+00:00,7.0
27451,2026-02-08 11:00:00+00:00,7.0
27451,2026-02-08 12:00:00+00:00,7.0
27451,2026-02-08 13:00:00+00:00,7.0
27451,2026-02-08 14:00:00+00:00,7.0
27451,2026-02-08 15:00:00+00:00,7.0
27451,2026-02-08 16:00:00+00:00,7.0
27451,2026-02-08 17:00:00+00:00,7.0
27451,2026-02-08 18:00:00+00:00,7.0
27451,2026-02-08 19:00:00+00:00,7.0
27451,2026-02-08 20:00:00+00:00,7.0
27451,2026-02-08 21:00:00+00:00,7.0
27451,2026-02-08 22:00:00+00:00,7.0
27451,2026-02-08 23:00:00+00:00,7.0
27451,2026-02-09 00:00:00+00:00,7.0
27451,2026-02-09 01:00:00+00:00,7.0
27451,2026-02-09 02:00:00+00:00,7.0
27451,2026-02-09 03:00:00+00:00,7.0
27451,2026-02-09 04:00:00+00:00,7.0
27451,2026-02-09 05:00:00+00:00,7.0
27451,2026-02-09 06:00:00+00:00,7.0
27451,2026-02-09 07:00:00+00:00,7.0
27451,2026-02-09 08:00:00+00:00,7.0
27451,2026-02-09 09:00:00+00:00,7.0
27451,2026-02-09 10:00:00+00:00,7.0
27452,2026-02-08 11:00:00+00:00,8.0
27452,2026-02-08 12:00:00+00:00,8.0
27452,2026-02-08 13:00:00+00:00,8.0
27452,2026-02-08 14:00:00+00:00,8.0
27452,2026-02-08 15:00:00+00:00,8.0
27452,2026-02-08 16:00:00+00:00,8.0
27452,2026-02-08 17:00:00+00:00,8.0
27452,2026-02-08 18:00:00+00:00,8.0
27452,2026-02-08 19:00:00+00:00,8.0
27452,2026-02-08 20:00:00+00:00,8.0
27452,2026-02-08 21:00:00+00:00,8.0
27452,2026-02-08 22:00:00+00:00,8.0
27452,2026-02-08 23:00:00+00:00,8.0
27452,2026-02-09 00:00:00+00:00,8.0
27452,2026-02-09 01:00:00+00:00,8.0
27452,2026-02-09 02:00:00+00:00,8.0
27452,2026-02-09 03:00:00+00:00,8.0
27452,2026-02-09 04:00:00+00:00,8.0
27452,2026-02-09 05:00:00+00:00,8.0
27452,2026-02-09 06:00:00+00:00,7.633333333333333
27452,2026-02-09 07:00:00+00:00,7.0
27452,2026-02-09 08:00:00+00:00,7.0
27452,2026-02-09 09:00:00+00:00,7.0
27452,2026-02-09 10:00:00+00:00,7.0
27567,2026-02-08 11:00:00+00:00,5.0
27567,2026-02-08 12:00:00+00:00,5.0
27567,2026-02-08 13:00:00+00:00,5.0
27567,2026-02-08 14:00:00+00:00,5.0
27567,2026-02-08 15:00:00+00:00,5.0
27567,2026-02-08 16:00:00+00:00,5.0
27567,2026-02-08 17:00:00+00:00,5.0
27567,2026-02-08 18:00:00+00:00,5.0
27567,2026-02-08 19:00:00+00:00,5.0
27567,2026-02-08 20:00:00+00:00,5.0
27567,2026-02-08 21:00:00+00:00,5.583333333333333
27567,2026-02-08 22:00:00+00:00,5.9
27567,2026-02-08 23:00:00+00:00,5.0
27567,2026-02-09 00:00:00+00:00,5.0
27567,2026-02-09 01:00:00+00:00,5.0
27567,2026-02-09 02:00:00+00:00,5.0
27567,2026-02-09 03:00:00+00:00,5.0
27567,2026-02-09 04:00:00+00:00,5.0
27567,2026-02-09 05:00:00+00:00,5.0
27567,2026-02-09 06:00:00+00:00,5.0
27567,2026-02-09 07:00:00+00:00,5.0
27567,2026-02-09 08:00:00+00:00,5.0
27567,2026-02-09 09:00:00+00:00,5.0
27567,2026-02-09 10:00:00+00:00,5.0
27717,2026-02-08 11:00:00+00:00,3.0
27717,2026-02-08 12:00:00+00:00,3.0
27717,2026-02-08 13:00:00+00:00,3.0
27717,2026-02-08 14:00:00+00:00,3.0
27717,2026-02-08 15:00:00+00:00,3.0
27717,2026-02-08 16:00:00+00:00,3.0
27717,2026-02-08 17:00:00+00:00,3.0
27717,2026-02-08 18:00:00+00:00,3.0
27717,2026-02-08 19:00:00+00:00,3.0
27717,2026-02-08 20:00:00+00:00,3.0
27717,2026-02-08 21:00:00+00:00,3.0
27717,2026-02-08 22:00:00+00:00,3.0
27717,2026-02-08 23:00:00+00:00,3.0
27717,2026-02-09 00:00:00+00:00,3.0
27717,2026-02-09 01:00:00+00:00,3.0
27717,2026-02-09 02:00:00+00:00,3.0
27717,2026-02-09 03:00:00+00:00,3.0
27717,2026-02-09 04:00:00+00:00,3.0
27717,2026-02-09 05:00:00+00:00,3.0
27717,2026-02-09 06:00:00+00:00,3.4833333333333334
27717,2026-02-09 07:00:00+00:00,5.0
27717,2026-02-09 08:00:00+00:00,4.716666666666667
27717,2026-02-09 09:00:00+00:00,6.0
27717,2026-02-09 10:00:00+00:00,6.0
28264,2026-02-08 11:00:00+00:00,6.0
28264,2026-02-08 12:00:00+00:00,6.0
28264,2026-02-08 13:00:00+00:00,6.0
28264,2026-02-08 14:00:00+00:00,6.0
28264,2026-02-08 15:00:00+00:00,6.0
28264,2026-02-08 16:00:00+00:00,6.0
28264,2026-02-08 17:00:00+00:00,6.0
28264,2026-02-08 18:00:00+00:00,6.0
28264,2026-02-08 19:00:00+00:00,6.0
28264,2026-02-08 20:00:00+00:00,6.0
28264,2026-02-08 21:00:00+00:00,6.0
28264,2026-02-08 22:00:00+00:00,6.0
28264,2026-02-08 23:00:00+00:00,6.0
28264,2026-02-09 00:00:00+00:00,6.0
28264,2026-02-09 01:00:00+00:00,6.0
28264,2026-02-09 02:00:00+00:00,6.0
28264,2026-02-09 03:00:00+00:00,6.0
28264,2026-02-09 04:00:00+00:00,6.0
28264,2026-02-09 05:00:00+00:00,6.0
28264,2026-02-09 06:00:00+00:00,6.0
28264,2026-02-09 07:00:00+00:00,6.0
28264,2026-02-09 08:00:00+00:00,6.0
28264,2026-02-09 09:00:00+00:00,6.0
28264,2026-02-09 10:00:00+00:00,6.0
28738,2026-02-08 11:00:00+00:00,8.966666666666667
28738,2026-02-08 12:00:00+00:00,8.0
28738,2026-02-08 13:00:00+00:00,8.0
28738,2026-02-08 14:00:00+00:00,8.0
28738,2026-02-08 15:00:00+00:00,8.0
28738,2026-02-08 16:00:00+00:00,8.0
28738,2026-02-08 17:00:00+00:00,8.0
28738,2026-02-08 18:00:00+00:00,8.0
28738,2026-02-08 19:00:00+00:00,8.0
28738,2026-02-08 20:00:00+00:00,8.0
28738,2026-02-08 21:00:00+00:00,8.0
28738,2026-02-08 22:00:00+00:00,8.0
28738,2026-02-08 23:00:00+00:00,8.0
28738,2026-02-09 00:00:00+00:00,8.0
28738,2026-02-09 01:00:00+00:00,8.0
28738,2026-02-09 02:00:00+00:00,8.0
28738,2026-02-09 03:00:00+00:00,8.0
28738,2026-02-09 04:00:00+00:00,8.0
28738,2026-02-09 05:00:00+00:00,8.0
28738,2026-02-09 06:00:00+00:00,8.0
28738,2026-02-09 07:00:00+00:00,8.0
28738,2026-02-09 08:00:00+00:00,8.0
28738,2026-02-09 09:00:00+00:00,8.0
28738,2026-02-09 10:00:00+00:00,8.366666666666667
29049,2026-02-08 11:00:00+00:00,4.0
29049,2026-02-08 12:00:00+00:00,4.0
29049,2026-02-08 13:00:00+00:00,4.0
29049,2026-02-08 14:00:00+00:00,4.0
29049,2026-02-08 15:00:00+00:00,4.0
29049,2026-02-08 16:00:00+00:00,4.0
29049,2026-02-08 17:00:00+00:00,4.0
29049,2026-02-08 18:00:00+00:00,4.0
29049,2026-02-08 19:00:00+00:00,4.0
29049,2026-02-08 20:00:00+00:00,4.0
29049,2026-02-08 21:00:00+00:00,4.0
29049,2026-02-08 22:00:00+00:00,4.0
29049,2026-02-08 23:00:00+00:00,4.0
29049,2026-02-09 00:00:00+00:00,4.0
29049,2026-02-09 01:00:00+00:00,4.0
29049,2026-02-09 02:00:00+00:00,4.0
29049,2026-02-09 03:00:00+00:00,4.0
29049,2026-02-09 04:00:00+00:00,4.0
29049,2026-02-09 05:00:00+00:00,4.0
29049,2026-02-09 06:00:00+00:00,4.0
29049,2026-02-09 07:00:00+00:00,4.0
29049,2026-02-09 08:00:00+00:00,4.0
29049,2026-02-09 09:00:00+00:00,4.0
29049,2026-02-09 10:00:00+00:00,4.0
29109,2026-02-08 11:00:00+00:00,2.0
29109,2026-02-08 12:00:00+00:00,2.0
29109,2026-02-08 13:00:00+00:00,2.0
29109,2026-02-08 14:00:00+00:00,2.0
29109,2026-02-08 15:00:00+00:00,0.8
29109,2026-02-08 16:00:00+00:00,0.0
29109,2026-02-08 17:00:00+00:00,0.0
29109,2026-02-08 18:00:00+00:00,0.0
29109,2026-02-08 19:00:00+00:00,0.0
29109,2026-02-08 20:00:00+00:00,0.0
29109,2026-02-08 21:00:00+00:00,0.0
29109,2026-02-08 22:00:00+00:00,0.0
29109,2026-02-08 23:00:00+00:00,0.0
29109,2026-02-09 00:00:00+00:00,0.0
29109,2026-02-09 01:00:00+00:00,0.0
29109,2026-02-09 02:00:00+00:00,0.0
29109,2026-02-09 03:00:00+00:00,0.0
29109,2026-02-09 04:00:00+00:00,0.0
29109,2026-02-09 05:00:00+00:00,0.0
29109,2026-02-09 06:00:00+00:00,0.0
29109,2026-02-09 07:00:00+00:00,0.0
29109,2026-02-09 08:00:00+00:00,0.0
29109,2026-02-09 09:00:00+00:00,0.8
29109,2026-02-09 10:00:00+00:00,1.0
29112,2026-02-08 11:00:00+00:00,6.0
29112,2026-02-08 12:00:00+00:00,6.0
29112,2026-02-08 13:00:00+00:00,6.0
29112,2026-02-08 14:00:00+00:00,6.0
29112,2026-02-08 15:00:00+00:00,6.933333333333334
29112,2026-02-08 16:00:00+00:00,8.0
29112,2026-02-08 17:00:00+00:00,8.0
29112,2026-02-08 18:00:00+00:00,8.0
29112,2026-02-08 19:00:00+00:00,8.0
29112,2026-02-08 20:00:00+00:00,8.0
29112,2026-02-08 21:00:00+00:00,8.0
29112,2026-02-08 22:00:00+00:00,8.0
29112,2026-02-08 23:00:00+00:00,8.0
29112,2026-02-09 00:00:00+00:00,8.0
29112,2026-02-09 01:00:00+00:00,8.0
29112,2026-02-09 02:00:00+00:00,8.0
29112,2026-02-09 03:00:00+00:00,8.0
29112,2026-02-09 04:00:00+00:00,8.0
29112,2026-02-09 05:00:00+00:00,8.0
29112,2026-02-09 06:00:00+00:00,8.0
29112,2026-02-09 07:00:00+00:00,8.0
29112,2026-02-09 08:00:00+00:00,8.0
29112,2026-02-09 09:00:00+00:00,7.133333333333333
29112,2026-02-09 10:00:00+00:00,7.0
29200,2026-02-08 11:00:00+00:00,0.0
29200,2026-02-08 12:00:00+00:00,0.0
29200,2026-02-08 13:00:00+00:00,0.0
29200,2026-02-08 14:00:00+00:00,0.0
29200,2026-02-08 15:00:00+00:00,0.0
29200,2026-02-08 16:00:00+00:00,0.0
29200,2026-02-08 17:00:00+00:00,0.0
29200,2026-02-08 18:00:00+00:00,0.0
29200,2026-02-08 19:00:00+00:00,0.06666666666666667
29200,2026-02-08 20:00:00+00:00,1.0
29200,2026-02-08 21:00:00+00:00,1.0
29200,2026-02-08 22:00:00+00:00,1.0
29200,2026-02-08 23:00:00+00:00,1.0
29200,2026-02-09 00:00:00+00:00,1.0
29200,2026-02-09 01:00:00+00:00,1.0
29200,2026-02-09 02:00:00+00:00,1.0
29200,2026-02-09 03:00:00+00:00,1.0
29200,2026-02-09 04:00:00+00:00,1.0
29200,2026-02-09 05:00:00+00:00,1.0
29200,2026-02-09 06:00:00+00:00,1.5
29200,2026-02-09 07:00:00+00:00,2.0
29200,2026-02-09 08:00:00+00:00,2.0
29200,2026-02-09 09:00:00+00:00,2.0
29200,2026-02-09 10:00:00+00:00,2.0
29345,2026-02-08 11:00:00+00:00,3.0
29345,2026-02-08 12:00:00+00:00,3.0
29345,2026-02-08 13:00:00+00:00,3.0
29345,2026-02-08 14:00:00+00:00,3.0
29345,2026-02-08 15:00:00+00:00,3.0
29345,2026-02-08 16:00:00+00:00,3.0
29345,2026-02-08 17:00:00+00:00,3.0
29345,2026-02-08 18:00:00+00:00,3.0
29345,2026-02-08 19:00:00+00:00,3.0
29345,2026-02-08 20:00:00+00:00,2.783333333333333
29345,2026-02-08 21:00:00+00:00,2.0
29345,2026-02-08 22:00:00+00:00,2.0
29345,2026-02-08 23:00:00+00:00,2.0
29345,2026-02-09 00:00:00+00:00,2.0
29345,2026-02-09 01:00:00+00:00,2.0
29345,2026-02-09 02:00:00+00:00,2.0
29345,2026-02-09 03:00:00+00:00,2.0
29345,2026-02-09 04:00:00+00:00,2.0
29345,2026-02-09 05:00:00+00:00,2.0
29345,2026-02-09 06:00:00+00:00,2.0
29345,2026-02-09 07:00:00+00:00,2.0
29345,2026-02-09 08:00:00+00:00,2.0
29345,2026-02-09 09:00:00+00:00,2.0
29345,2026-02-09 10:00:00+00:00,1.6166666666666667
29346,2026-02-08 11:00:00+00:00,6.0
29346,2026-02-08 12:00:00+00:00,6.0
29346,2026-02-08 13:00:00+00:00,6.0
29346,2026-02-08 14:00:00+00:00,6.0
29346,2026-02-08 15:00:00+00:00,6.0
29346,2026-02-08 16:00:00+00:00,6.0
29346,2026-02-08 17:00:00+00:00,6.0
29346,2026-02-08 18:00:00+00:00,6.0
29346,2026-02-08 19:00:00+00:00,6.0
29346,2026-02-08 20:00:00+00:00,6.0
29346,2026-02-08 21:00:00+00:00,6.0
29346,2026-02-08 22:00:00+00:00,6.0
29346,2026-02-08 23:00:00+00:00,6.0
29346,2026-02-09 00:00:00+00:00,6.0
29346,2026-02-09 01:00:00+00:00,6.0
29346,2026-02-09 02:00:00+00:00,6.0
29346,2026-02-09 03:00:00+00:00,6.0
29346,2026-02-09 04:00:00+00:00,6.0
29346,2026-02-09 05:00:00+00:00,6.0
29346,2026-02-09 06:00:00+00:00,6.0
29346,2026-02-09 07:00:00+00:00,6.0
29346,2026-02-09 08:00:00+00:00,6.0
29346,2026-02-09 09:00:00+00:00,6.0
29346,2026-02-09 10:00:00+00:00,6.0
29347,2026-02-08 11:00:00+00:00,2.0
29347,2026-02-08 12:00:00+00:00,2.0
29347,2026-02-08 13:00:00+00:00,2.0
29347,2026-02-08 14:00:00+00:00,2.0
29347,2026-02-08 15:00:00+00:00,2.0
29347,2026-02-08 16:00:00+00:00,2.0
29347,2026-02-08 17:00:00+00:00,2.0
29347,2026-02-08 18:00:00+00:00,2.0
29347,2026-02-08 19:00:00+00:00,2.0
29347,2026-02-08 20:00:00+00:00,2.0
29347,2026-02-08 21:00:00+00:00,2.0
29347,2026-02-08 22:00:00+00:00,2.0
29347,2026-02-08 23:00:00+00:00,2.0
29347,2026-02-09 00:00:00+00:00,2.0
29347,2026-02-09 01:00:00+00:00,2.0
29347,2026-02-09 02:00:00+00:00,2.0
29347,2026-02-09 03:00:00+00:00,2.0
29347,2026-02-09 04:00:00+00:00,2.0
29347,2026-02-09 05:00:00+00:00,2.0
29347,2026-02-09 06:00:00+00:00,2.0
29347,2026-02-09 07:00:00+00:00,2.0
29347,2026-02-09 08:00:00+00:00,2.0
29347,2026-02-09 09:00:00+00:00,2.0
29347,2026-02-09 10:00:00+00:00,2.0
29663,2026-02-08 11:00:00+00:00,3.0
29663,2026-02-08 12:00:00+00:00,3.0
29663,2026-02-08 13:00:00+00:00,3.0
29663,2026-02-08 14:00:00+00:00,3.0
29663,2026-02-08 15:00:00+00:00,3.0
29663,2026-02-08 16:00:00+00:00,3.0
29663,2026-02-08 17:00:00+00:00,3.0
29663,2026-02-08 18:00:00+00:00,3.0
29663,2026-02-08 19:00:00+00:00,3.0
29663,2026-02-08 20:00:00+00:00,3.0
29663,2026-02-08 21:00:00+00:00,3.0
29663,2026-02-08 22:00:00+00:00,3.0
29663,2026-02-08 23:00:00+00:00,3.0
29663,2026-02-09 00:00:00+00:00,3.0
29663,2026-02-09 01:00:00+00:00,3.0
29663,2026-02-09 02:00:00+00:00,3.0
29663,2026-02-09 03:00:00+00:00,3.0
29663,2026-02-09 04:00:00+00:00,3.0
29663,2026-02-09 05:00:00+00:00,3.0
29663,2026-02-09 06:00:00+00:00,3.0
29663,2026-02-09 07:00:00+00:00,3.0
29663,2026-02-09 08:00:00+00:00,3.0
29663,2026-02-09 09:00:00+00:00,3.0
29663,2026-02-09 10:00:00+00:00,3.0
29946,2026-02-08 11:00:00+00:00,0.0
29946,2026-02-08 12:00:00+00:00,0.36666666666666664
29946,2026-02-08 13:00:00+00:00,1.0
29946,2026-02-08 14:00:00+00:00,0.36666666666666664
29946,2026-02-08 15:00:00+00:00,0.95
29946,2026-02-08 16:00:00+00:00,0.7833333333333333
29946,2026-02-08 17:00:00+00:00,0.0
29946,2026-02-08 18:00:00+00:00,0.0
29946,2026-02-08 19:00:00+00:00,0.23333333333333334
29946,2026-02-08 20:00:00+00:00,1.0
29946,2026-02-08 21:00:00+00:00,1.9166666666666667
29946,2026-02-08 22:00:00+00:00,3.8666666666666667
29946,2026-02-08 23:00:00+00:00,4.05
29946,2026-02-09 00:00:00+00:00,4.0
29946,2026-02-09 01:00:00+00:00,4.0
29946,2026-02-09 02:00:00+00:00,4.0
29946,2026-02-09 03:00:00+00:00,4.0
29946,2026-02-09 04:00:00+00:00,3.6
29946,2026-02-09 05:00:00+00:00,1.9166666666666667
29946,2026-02-09 06:00:00+00:00,0.4666666666666667
29946,2026-02-09 07:00:00+00:00,0.05
29946,2026-02-09 08:00:00+00:00,0.0
29946,2026-02-09 09:00:00+00:00,0.0
29946,2026-02-09 10:00:00+00:00,0.0
29963,2026-02-08 11:00:00+00:00,4.0
29963,2026-02-08 12:00:00+00:00,4.35
29963,2026-02-08 13:00:00+00:00,5.7
29963,2026-02-08 14:00:00+00:00,6.0
29963,2026-02-08 15:00:00+00:00,6.0
29963,2026-02-08 16:00:00+00:00,6.0
29963,2026-02-08 17:00:00+00:00,6.0
29963,2026-02-08 18:00:00+00:00,5.1
29963,2026-02-08 19:00:00+00:00,5.0
29963,2026-02-08 20:00:00+00:00,5.0
29963,2026-02-08 21:00:00+00:00,5.0
29963,2026-02-08 22:00:00+00:00,5.0
29963,2026-02-08 23:00:00+00:00,5.0
29963,2026-02-09 00:00:00+00:00,5.0
29963,2026-02-09 01:00:00+00:00,5.0
29963,2026-02-09 02:00:00+00:00,5.0
29963,2026-02-09 03:00:00+00:00,5.0
29963,2026-02-09 04:00:00+00:00,5.0
29963,2026-02-09 05:00:00+00:00,5.0
29963,2026-02-09 06:00:00+00:00,5.0
29963,2026-02-09 07:00:00+00:00,5.0
29963,2026-02-09 08:00:00+00:00,5.0
29963,2026-02-09 09:00:00+00:00,5.0
29963,2026-02-09 10:00:00+00:00,5.0
29964,2026-02-08 11:00:00+00:00,0.0
29964,2026-02-08 12:00:00+00:00,0.0
29964,2026-02-08 13:00:00+00:00,0.0
29964,2026-02-08 14:00:00+00:00,0.0
29964,2026-02-08 15:00:00+00:00,0.0
29964,2026-02-08 16:00:00+00:00,0.0
29964,2026-02-08 17:00:00+00:00,0.0
29964,2026-02-08 18:00:00+00:00,0.0
29964,2026-02-08 19:00:00+00:00,0.0
29964,2026-02-08 20:00:00+00:00,0.0
29964,2026-02-08 21:00:00+00:00,0.0
29964,2026-02-08 22:00:00+00:00,0.0
29964,2026-02-08 23:00:00+00:00,0.0
29964,2026-02-09 00:00:00+00:00,0.0
29964,2026-02-09 01:00:00+00:00,0.0
29964,2026-02-09 02:00:00+00:00,0.0
29964,2026-02-09 03:00:00+00:00,0.0
29964,2026-02-09 04:00:00+00:00,0.0
29964,2026-02-09 05:00:00+00:00,0.0
29964,2026-02-09 06:00:00+00:00,0.0
29964,2026-02-09 07:00:00+00:00,0.0
29964,2026-02-09 08:00:00+00:00,0.0
29964,2026-02-09 09:00:00+00:00,0.0
29964,2026-02-09 10:00:00+00:00,0.0
29965,2026-02-08 11:00:00+00:00,1.0
29965,2026-02-08 12:00:00+00:00,1.0
29965,2026-02-08 13:00:00+00:00,1.0
29965,2026-02-08 14:00:00+00:00,1.0
29965,2026-02-08 15:00:00+00:00,1.0
29965,2026-02-08 16:00:00+00:00,1.0
29965,2026-02-08 17:00:00+00:00,1.0
29965,2026-02-08 18:00:00+00:00,1.7
29965,2026-02-08 19:00:00+00:00,2.0
29965,2026-02-08 20:00:00+00:00,2.0
29965,2026-02-08 21:00:00+00:00,2.0
29965,2026-02-08 22:00:00+00:00,2.0
29965,2026-02-08 23:00:00+00:00,2.0
29965,2026-02-09 00:00:00+00:00,2.0
29965,2026-02-09 01:00:00+00:00,2.0
29965,2026-02-09 02:00:00+00:00,2.0
29965,2026-02-09 03:00:00+00:00,2.0
29965,2026-02-09 04:00:00+00:00,2.0
29965,2026-02-09 05:00:00+00:00,2.0
29965,2026-02-09 06:00:00+00:00,2.0
29965,2026-02-09 07:00:00+00:00,2.0
29965,2026-02-09 08:00:00+00:00,2.0
29965,2026-02-09 09:00:00+00:00,2.0
29965,2026-02-09 10:00:00+00:00,2.0
30022,2026-02-08 11:00:00+00:00,5.0
30022,2026-02-08 12:00:00+00:00,5.0
30022,2026-02-08 13:00:00+00:00,5.0
30022,2026-02-08 14:00:00+00:00,5.0
30022,2026-02-08 15:00:00+00:00,5.0
30022,2026-02-08 16:00:00+00:00,5.0
30022,2026-02-08 17:00:00+00:00,5.0
30022,2026-02-08 18:00:00+00:00,5.0
30022,2026-02-08 19:00:00+00:00,5.0
30022,2026-02-08 20:00:00+00:00,5.0
30022,2026-02-08 21:00:00+00:00,5.2
30022,2026-02-08 22:00:00+00:00,6.0
30022,2026-02-08 23:00:00+00:00,6.0
30022,2026-02-09 00:00:00+00:00,6.0
30022,2026-02-09 01:00:00+00:00,6.0
30022,2026-02-09 02:00:00+00:00,6.0
30022,2026-02-09 03:00:00+00:00,6.0
30022,2026-02-09 04:00:00+00:00,6.0
30022,2026-02-09 05:00:00+00:00,6.0
30022,2026-02-09 06:00:00+00:00,6.0
30022,2026-02-09 07:00:00+00:00,6.0
30022,2026-02-09 08:00:00+00:00,6.0
30022,2026-02-09 09:00:00+00:00,6.0
30022,2026-02-09 10:00:00+00:00,6.0
30024,2026-02-08 11:00:00+00:00,4.0
30024,2026-02-08 12:00:00+00:00,4.0
30024,2026-02-08 13:00:00+00:00,4.0
30024,2026-02-08 14:00:00+00:00,4.0
30024,2026-02-08 15:00:00+00:00,4.0
30024,2026-02-08 16:00:00+00:00,4.0
30024,2026-02-08 17:00:00+00:00,4.0
30024,2026-02-08 18:00:00+00:00,4.0
30024,2026-02-08 19:00:00+00:00,4.0
30024,2026-02-08 20:00:00+00:00,4.0
30024,2026-02-08 21:00:00+00:00,3.716666666666667
30024,2026-02-08 22:00:00+00:00,3.0
30024,2026-02-08 23:00:00+00:00,3.0
30024,2026-02-09 00:00:00+00:00,3.0
30024,2026-02-09 01:00:00+00:00,3.0
30024,2026-02-09 02:00:00+00:00,3.0
30024,2026-02-09 03:00:00+00:00,3.2666666666666666
30024,2026-02-09 04:00:00+00:00,4.0
30024,2026-02-09 05:00:00+00:00,4.0
30024,2026-02-09 06:00:00+00:00,4.333333333333333
30024,2026-02-09 07:00:00+00:00,5.0
30024,2026-02-09 08:00:00+00:00,5.0
30024,2026-02-09 09:00:00+00:00,5.0
30024,2026-02-09 10:00:00+00:00,5.0
30025,2026-02-08 11:00:00+00:00,1.0
30025,2026-02-08 12:00:00+00:00,1.0
30025,2026-02-08 13:00:00+00:00,1.0
30025,2026-02-08 14:00:00+00:00,1.0
30025,2026-02-08 15:00:00+00:00,1.0
30025,2026-02-08 16:00:00+00:00,1.0
30025,2026-02-08 17:00:00+00:00,1.0
30025,2026-02-08 18:00:00+00:00,1.0
30025,2026-02-08 19:00:00+00:00,1.0
30025,2026-02-08 20:00:00+00:00,1.0
30025,2026-02-08 21:00:00+00:00,1.0
30025,2026-02-08 22:00:00+00:00,1.0
30025,2026-02-08 23:00:00+00:00,1.0
30025,2026-02-09 00:00:00+00:00,1.0
30025,2026-02-09 01:00:00+00:00,1.0
30025,2026-02-09 02:00:00+00:00,1.0
30025,2026-02-09 03:00:00+00:00,1.0
30025,2026-02-09 04:00:00+00:00,1.0
30025,2026-02-09 05:00:00+00:00,1.0
30025,2026-02-09 06:00:00+00:00,1.0
30025,2026-02-09 07:00:00+00:00,1.0
30025,2026-02-09 08:00:00+00:00,1.0
30025,2026-02-09 09:00:00+00:00,1.0
30025,2026-02-09 10:00:00+00:00,1.0
30026,2026-02-08 11:00:00+00:00,8.0
30026,2026-02-08 12:00:00+00:00,8.0
30026,2026-02-08 13:00:00+00:00,8.0
30026,2026-02-08 14:00:00+00:00,8.0
30026,2026-02-08 15:00:00+00:00,8.0
30026,2026-02-08 16:00:00+00:00,8.0
30026,2026-02-08 17:00:00+00:00,8.0
30026,2026-02-08 18:00:00+00:00,8.0
30026,2026-02-08 19:00:00+00:00,8.0
30026,2026-02-08 20:00:00+00:00,8.0
30026,2026-02-08 21:00:00+00:00,8.0
30026,2026-02-08 22:00:00+00:00,8.0
30026,2026-02-08 23:00:00+00:00,8.0
30026,2026-02-09 00:00:00+00:00,8.0
30026,2026-02-09 01:00:00+00:00,8.0
30026,2026-02-09 02:00:00+00:00,8.0
30026,2026-02-09 03:00:00+00:00,8.0
30026,2026-02-09 04:00:00+00:00,8.0
30026,2026-02-09 05:00:00+00:00,8.0
30026,2026-02-09 06:00:00+00:00,8.0
30026,2026-02-09 07:00:00+00:00,8.0
30026,2026-02-09 08:00:00+00:00,8.0
30026,2026-02-09 09:00:00+00:00,8.0
30026,2026-02-09 10:00:00+00:00,8.0
30027,2026-02-08 11:00:00+00:00,7.0
30027,2026-02-08 12:00:00+00:00,7.0
30027,2026-02-08 13:00:00+00:00,7.0
30027,2026-02-08 14:00:00+00:00,7.0
30027,2026-02-08 15:00:00+00:00,7.0
30027,2026-02-08 16:00:00+00:00,7.0
30027,2026-02-08 17:00:00+00:00,7.0
30027,2026-02-08 18:00:00+00:00,7.0
30027,2026-02-08 19:00:00+00:00,7.0
30027,2026-02-08 20:00:00+00:00,7.0
30027,2026-02-08 21:00:00+00:00,7.0
30027,2026-02-08 22:00:00+00:00,7.0
30027,2026-02-08 23:00:00+00:00,7.0
30027,2026-02-09 00:00:00+00:00,7.0
30027,2026-02-09 01:00:00+00:00,7.0
30027,2026-02-09 02:00:00+00:00,7.0
30027,2026-02-09 03:00:00+00:00,6.35
30027,2026-02-09 04:00:00+00:00,6.0
30027,2026-02-09 05:00:00+00:00,6.0
30027,2026-02-09 06:00:00+00:00,6.0
30027,2026-02-09 07:00:00+00:00,6.0
30027,2026-02-09 08:00:00+00:00,6.0
30027,2026-02-09 09:00:00+00:00,6.0
30027,2026-02-09 10:00:00+00:00,6.0
30120,2026-02-08 11:00:00+00:00,7.0
30120,2026-02-08 12:00:00+00:00,7.0
30120,2026-02-08 13:00:00+00:00,7.0
30120,2026-02-08 14:00:00+00:00,7.0
30120,2026-02-08 15:00:00+00:00,7.0
30120,2026-02-08 16:00:00+00:00,7.0
30120,2026-02-08 17:00:00+00:00,7.0
30120,2026-02-08 18:00:00+00:00,7.0
30120,2026-02-08 19:00:00+00:00,7.0
30120,2026-02-08 20:00:00+00:00,7.0
30120,2026-02-08 21:00:00+00:00,7.0
30120,2026-02-08 22:00:00+00:00,7.0
30120,2026-02-08 23:00:00+00:00,7.0
30120,2026-02-09 00:00:00+00:00,7.0
30120,2026-02-09 01:00:00+00:00,7.0
30120,2026-02-09 02:00:00+00:00,7.0
30120,2026-02-09 03:00:00+00:00,7.0
30120,2026-02-09 04:00:00+00:00,7.0
30120,2026-02-09 05:00:00+00:00,7.0
30120,2026-02-09 06:00:00+00:00,7.0
30120,2026-02-09 07:00:00+00:00,7.0
30120,2026-02-09 08:00:00+00:00,7.0
30120,2026-02-09 09:00:00+00:00,7.0
30120,2026-02-09 10:00:00+00:00,7.0
30121,2026-02-08 11:00:00+00:00,0.0
30121,2026-02-08 12:00:00+00:00,0.0
30121,2026-02-08 13:00:00+00:00,0.0
30121,2026-02-08 14:00:00+00:00,0.0
30121,2026-02-08 15:00:00+00:00,0.0
30121,2026-02-08 16:00:00+00:00,0.0
30121,2026-02-08 17:00:00+00:00,0.0
30121,2026-02-08 18:00:00+00:00,0.0
30121,2026-02-08 19:00:00+00:00,0.0
30121,2026-02-08 20:00:00+00:00,0.0
30121,2026-02-08 21:00:00+00:00,0.0
30121,2026-02-08 22:00:00+00:00,0.0
30121,2026-02-08 23:00:00+00:00,0.0
30121,2026-02-09 00:00:00+00:00,0.0
30121,2026-02-09 01:00:00+00:00,0.0
30121,2026-02-09 02:00:00+00:00,0.0
30121,2026-02-09 03:00:00+00:00,0.0
30121,2026-02-09 04:00:00+00:00,0.0
30121,2026-02-09 05:00:00+00:00,0.0
30121,2026-02-09 06:00:00+00:00,0.0
30121,2026-02-09 07:00:00+00:00,0.0
30121,2026-02-09 08:00:00+00:00,0.0
30121,2026-02-09 09:00:00+00:00,1.0
30121,2026-02-09 10:00:00+00:00,1.0
30145,2026-02-08 11:00:00+00:00,1.65
30145,2026-02-08 12:00:00+00:00,1.0666666666666667
30145,2026-02-08 13:00:00+00:00,0.016666666666666666
30145,2026-02-08 14:00:00+00:00,0.5333333333333333
30145,2026-02-08 15:00:00+00:00,1.7166666666666668
30145,2026-02-08 16:00:00+00:00,2.0
30145,2026-02-08 17:00:00+00:00,2.0
30145,2026-02-08 18:00:00+00:00,2.0
30145,2026-02-08 19:00:00+00:00,2.0
30145,2026-02-08 20:00:00+00:00,2.0
30145,2026-02-08 21:00:00+00:00,2.1166666666666667
30145,2026-02-08 22:00:00+00:00,4.0
30145,2026-02-08 23:00:00+00:00,4.0
30145,2026-02-09 00:00:00+00:00,4.0
30145,2026-02-09 01:00:00+00:00,4.0
30145,2026-02-09 02:00:00+00:00,4.0
30145,2026-02-09 03:00:00+00:00,4.0
30145,2026-02-09 04:00:00+00:00,4.0
30145,2026-02-09 05:00:00+00:00,3.7
30145,2026-02-09 06:00:00+00:00,3.933333333333333
30145,2026-02-09 07:00:00+00:00,5.5
30145,2026-02-09 08:00:00+00:00,6.0
30145,2026-02-09 09:00:00+00:00,5.733333333333333
30145,2026-02-09 10:00:00+00:00,4.683333333333334
30146,2026-02-08 11:00:00+00:00,16.0
30146,2026-02-08 12:00:00+00:00,17.3
30146,2026-02-08 13:00:00+00:00,19.0
30146,2026-02-08 14:00:00+00:00,19.283333333333335
30146,2026-02-08 15:00:00+00:00,19.0
30146,2026-02-08 16:00:00+00:00,19.0
30146,2026-02-08 17:00:00+00:00,19.0
30146,2026-02-08 18:00:00+00:00,19.0
30146,2026-02-08 19:00:00+00:00,18.416666666666668
30146,2026-02-08 20:00:00+00:00,18.0
30146,2026-02-08 21:00:00+00:00,18.0
30146,2026-02-08 22:00:00+00:00,17.233333333333334
30146,2026-02-08 23:00:00+00:00,17.0
30146,2026-02-09 00:00:00+00:00,17.0
30146,2026-02-09 01:00:00+00:00,17.0
30146,2026-02-09 02:00:00+00:00,17.0
30146,2026-02-09 03:00:00+00:00,17.0
30146,2026-02-09 04:00:00+00:00,17.0
30146,2026-02-09 05:00:00+00:00,17.066666666666666
30146,2026-02-09 06:00:00+00:00,18.0
30146,2026-02-09 07:00:00+00:00,18.4
30146,2026-02-09 08:00:00+00:00,19.066666666666666
30146,2026-02-09 09:00:00+00:00,19.0
30146,2026-02-09 10:00:00+00:00,19.0
30147,2026-02-08 11:00:00+00:00,0.0
30147,2026-02-08 12:00:00+00:00,0.0
30147,2026-02-08 13:00:00+00:00,0.0
30147,2026-02-08 14:00:00+00:00,0.21666666666666667
30147,2026-02-08 15:00:00+00:00,1.0
30147,2026-02-08 16:00:00+00:00,1.0
30147,2026-02-08 17:00:00+00:00,1.0
30147,2026-02-08 18:00:00+00:00,1.0
30147,2026-02-08 19:00:00+00:00,1.0
30147,2026-02-08 20:00:00+00:00,1.0
30147,2026-02-08 21:00:00+00:00,1.0
30147,2026-02-08 22:00:00+00:00,1.0
30147,2026-02-08 23:00:00+00:00,1.0
30147,2026-02-09 00:00:00+00:00,1.0
30147,2026-02-09 01:00:00+00:00,1.0
30147,2026-02-09 02:00:00+00:00,1.0
30147,2026-02-09 03:00:00+00:00,1.0
30147,2026-02-09 04:00:00+00:00,1.0
30147,2026-02-09 05:00:00+00:00,1.0
30147,2026-02-09 06:00:00+00:00,1.0
30147,2026-02-09 07:00:00+00:00,1.0
30147,2026-02-09 08:00:00+00:00,1.0
30147,2026-02-09 09:00:00+00:00,1.0
30147,2026-02-09 10:00:00+00:00,1.0
30151,2026-02-08 11:00:00+00:00,4.0
30151,2026-02-08 12:00:00+00:00,4.0
30151,2026-02-08 13:00:00+00:00,4.0
30151,2026-02-08 14:00:00+00:00,4.0
30151,2026-02-08 15:00:00+00:00,4.0
30151,2026-02-08 16:00:00+00:00,4.0
30151,2026-02-08 17:00:00+00:00,4.0
30151,2026-02-08 18:00:00+00:00,4.0
30151,2026-02-08 19:00:00+00:00,4.0
30151,2026-02-08 20:00:00+00:00,4.0
30151,2026-02-08 21:00:00+00:00,4.0
30151,2026-02-08 22:00:00+00:00,4.0
30151,2026-02-08 23:00:00+00:00,4.0
30151,2026-02-09 00:00:00+00:00,4.0
30151,2026-02-09 01:00:00+00:00,4.0
30151,2026-02-09 02:00:00+00:00,4.0
30151,2026-02-09 03:00:00+00:00,4.0
30151,2026-02-09 04:00:00+00:00,4.0
30151,2026-02-09 05:00:00+00:00,4.0
30151,2026-02-09 06:00:00+00:00,4.0
30151,2026-02-09 07:00:00+00:00,4.0
30151,2026-02-09 08:00:00+00:00,4.0
30151,2026-02-09 09:00:00+00:00,4.0
30151,2026-02-09 10:00:00+00:00,4.0
30434,2026-02-08 11:00:00+00:00,8.0
30434,2026-02-08 12:00:00+00:00,8.0
30434,2026-02-08 13:00:00+00:00,8.0
30434,2026-02-08 14:00:00+00:00,8.0
30434,2026-02-08 15:00:00+00:00,8.0
30434,2026-02-08 16:00:00+00:00,8.0
30434,2026-02-08 17:00:00+00:00,8.0
30434,2026-02-08 18:00:00+00:00,8.0
30434,2026-02-08 19:00:00+00:00,8.0
30434,2026-02-08 20:00:00+00:00,8.0
30434,2026-02-08 21:00:00+00:00,8.0
30434,2026-02-08 22:00:00+00:00,8.0
30434,2026-02-08 23:00:00+00:00,8.0
30434,2026-02-09 00:00:00+00:00,8.0
30434,2026-02-09 01:00:00+00:00,8.0
30434,2026-02-09 02:00:00+00:00,8.0
30434,2026-02-09 03:00:00+00:00,8.0
30434,2026-02-09 04:00:00+00:00,8.0
30434,2026-02-09 05:00:00+00:00,8.0
30434,2026-02-09 06:00:00+00:00,8.0
30434,2026-02-09 07:00:00+00:00,8.0
30434,2026-02-09 08:00:00+00:00,8.0
30434,2026-02-09 09:00:00+00:00,8.0
30434,2026-02-09 10:00:00+00:00,8.0
30515,2026-02-08 11:00:00+00:00,0.0
30515,2026-02-08 12:00:00+00:00,0.0
30515,2026-02-08 13:00:00+00:00,0.0
30515,2026-02-08 14:00:00+00:00,0.0
30515,2026-02-08 15:00:00+00:00,0.0
30515,2026-02-08 16:00:00+00:00,0.0
30515,2026-02-08 17:00:00+00:00,0.0
30515,2026-02-08 18:00:00+00:00,0.03333333333333333
30515,2026-02-08 19:00:00+00:00,1.0
30515,2026-02-08 20:00:00+00:00,1.0
30515,2026-02-08 21:00:00+00:00,1.0
30515,2026-02-08 22:00:00+00:00,1.0
30515,2026-02-08 23:00:00+00:00,1.0
30515,2026-02-09 00:00:00+00:00,1.0
30515,2026-02-09 01:00:00+00:00,1.0
30515,2026-02-09 02:00:00+00:00,1.0
30515,2026-02-09 03:00:00+00:00,1.0
30515,2026-02-09 04:00:00+00:00,1.0
30515,2026-02-09 05:00:00+00:00,1.0
30515,2026-02-09 06:00:00+00:00,1.6833333333333333
30515,2026-02-09 07:00:00+00:00,2.0
30515,2026-02-09 08:00:00+00:00,2.0
30515,2026-02-09 09:00:00+00:00,2.0
30515,2026-02-09 10:00:00+00:00,2.0
